hazard,timestamp
person,2025-10-28 17:29:34
car,2025-10-28 17:29:34
person,2025-10-28 17:29:34
person,2025-10-28 17:29:34
car,2025-10-28 17:29:34
person,2025-10-28 17:29:34
car,2025-10-28 17:29:34
person,2025-10-28 17:29:34
person,2025-10-28 17:29:34
person,2025-10-28 17:29:34
person,2025-10-28 17:29:34
person,2025-10-28 17:29:34
person,2025-10-28 17:29:34
person,2025-10-28 17:29:34
person,2025-10-28 17:29:35
car,2025-10-28 17:29:35
person,2025-10-28 17:29:35
person,2025-10-28 17:29:35
person,2025-10-28 17:29:35
car,2025-10-28 17:29:35
person,2025-10-28 17:29:35
car,2025-10-28 17:29:35
person,2025-10-28 17:29:35
person,2025-10-28 17:29:35
person,2025-10-28 17:29:35
person,2025-10-28 17:29:35
person,2025-10-28 17:29:35
person,2025-10-28 17:29:35
person,2025-10-28 17:29:36
car,2025-10-28 17:29:36
person,2025-10-28 17:29:36
person,2025-10-28 17:29:36
car,2025-10-28 17:29:36
person,2025-10-28 17:29:36
person,2025-10-28 17:29:36
car,2025-10-28 17:29:36
person,2025-10-28 17:29:36
person,2025-10-28 17:29:36
person,2025-10-28 17:29:36
person,2025-10-28 17:29:36
person,2025-10-28 17:29:36
person,2025-10-28 17:29:36
person,2025-10-28 17:29:36
car,2025-10-28 17:29:36
person,2025-10-28 17:29:36
person,2025-10-28 17:29:36
person,2025-10-28 17:29:36
car,2025-10-28 17:29:36
person,2025-10-28 17:29:36
car,2025-10-28 17:29:36
person,2025-10-28 17:29:36
person,2025-10-28 17:29:36
person,2025-10-28 17:29:36
person,2025-10-28 17:29:36
person,2025-10-28 17:29:36
person,2025-10-28 17:29:36
person,2025-10-28 17:29:36
person,2025-10-28 17:29:36
car,2025-10-28 17:29:36
person,2025-10-28 17:29:36
person,2025-10-28 17:29:36
person,2025-10-28 17:29:36
car,2025-10-28 17:29:36
person,2025-10-28 17:29:36
person,2025-10-28 17:29:36
person,2025-10-28 17:29:36
person,2025-10-28 17:29:36
car,2025-10-28 17:29:36
truck,2025-10-28 17:29:36
person,2025-10-28 17:29:36
person,2025-10-28 17:29:36
person,2025-10-28 17:29:36
person,2025-10-28 17:29:37
person,2025-10-28 17:29:37
car,2025-10-28 17:29:37
person,2025-10-28 17:29:37
person,2025-10-28 17:29:37
person,2025-10-28 17:29:37
car,2025-10-28 17:29:37
car,2025-10-28 17:29:37
person,2025-10-28 17:29:37
person,2025-10-28 17:29:37
person,2025-10-28 17:29:37
person,2025-10-28 17:29:37
person,2025-10-28 17:29:37
person,2025-10-28 17:29:37
car,2025-10-28 17:29:37
person,2025-10-28 17:29:37
person,2025-10-28 17:29:37
person,2025-10-28 17:29:37
car,2025-10-28 17:29:37
person,2025-10-28 17:29:37
car,2025-10-28 17:29:37
person,2025-10-28 17:29:37
person,2025-10-28 17:29:37
person,2025-10-28 17:29:37
person,2025-10-28 17:29:37
car,2025-10-28 17:29:37
person,2025-10-28 17:29:37
person,2025-10-28 17:29:37
person,2025-10-28 17:29:37
person,2025-10-28 17:29:37
car,2025-10-28 17:29:37
car,2025-10-28 17:29:37
person,2025-10-28 17:29:37
person,2025-10-28 17:29:37
person,2025-10-28 17:29:37
person,2025-10-28 17:29:37
person,2025-10-28 17:29:37
person,2025-10-28 17:29:38
car,2025-10-28 17:29:38
person,2025-10-28 17:29:38
person,2025-10-28 17:29:38
person,2025-10-28 17:29:38
person,2025-10-28 17:29:38
person,2025-10-28 17:29:38
person,2025-10-28 17:29:38
person,2025-10-28 17:29:38
car,2025-10-28 17:29:38
car,2025-10-28 17:29:38
person,2025-10-28 17:29:38
person,2025-10-28 17:29:38
car,2025-10-28 17:29:38
person,2025-10-28 17:29:38
person,2025-10-28 17:29:38
person,2025-10-28 17:29:38
person,2025-10-28 17:29:38
person,2025-10-28 17:29:38
car,2025-10-28 17:29:38
person,2025-10-28 17:29:38
car,2025-10-28 17:29:38
person,2025-10-28 17:29:38
person,2025-10-28 17:29:38
person,2025-10-28 17:29:38
car,2025-10-28 17:29:38
person,2025-10-28 17:29:39
person,2025-10-28 17:29:39
person,2025-10-28 17:29:39
person,2025-10-28 17:29:39
person,2025-10-28 17:29:39
car,2025-10-28 17:29:39
person,2025-10-28 17:29:39
person,2025-10-28 17:29:39
car,2025-10-28 17:29:39
person,2025-10-28 17:29:39
person,2025-10-28 17:29:39
person,2025-10-28 17:29:39
car,2025-10-28 17:29:39
person,2025-10-28 17:29:39
person,2025-10-28 17:29:39
person,2025-10-28 17:29:39
person,2025-10-28 17:29:39
person,2025-10-28 17:29:39
car,2025-10-28 17:29:39
person,2025-10-28 17:29:39
person,2025-10-28 17:29:39
person,2025-10-28 17:29:39
car,2025-10-28 17:29:39
person,2025-10-28 17:29:39
person,2025-10-28 17:29:39
person,2025-10-28 17:29:39
person,2025-10-28 17:29:39
person,2025-10-28 17:29:39
car,2025-10-28 17:29:39
person,2025-10-28 17:29:39
person,2025-10-28 17:29:39
car,2025-10-28 17:29:40
person,2025-10-28 17:29:40
person,2025-10-28 17:29:40
person,2025-10-28 17:29:40
person,2025-10-28 17:29:40
car,2025-10-28 17:29:40
person,2025-10-28 17:29:40
person,2025-10-28 17:29:40
person,2025-10-28 17:29:40
person,2025-10-28 17:29:40
person,2025-10-28 17:29:40
car,2025-10-28 17:29:40
person,2025-10-28 17:29:40
person,2025-10-28 17:29:40
person,2025-10-28 17:29:40
person,2025-10-28 17:29:40
car,2025-10-28 17:29:40
person,2025-10-28 17:29:40
person,2025-10-28 17:29:40
person,2025-10-28 17:29:40
person,2025-10-28 17:29:40
car,2025-10-28 17:29:40
person,2025-10-28 17:29:40
person,2025-10-28 17:29:40
person,2025-10-28 17:29:40
car,2025-10-28 17:29:40
person,2025-10-28 17:29:40
person,2025-10-28 17:29:40
person,2025-10-28 17:29:40
person,2025-10-28 17:29:40
person,2025-10-28 17:29:40
person,2025-10-28 17:29:40
car,2025-10-28 17:29:41
person,2025-10-28 17:29:41
person,2025-10-28 17:29:41
person,2025-10-28 17:29:41
car,2025-10-28 17:29:41
person,2025-10-28 17:29:41
person,2025-10-28 17:29:41
person,2025-10-28 17:29:41
person,2025-10-28 17:29:41
person,2025-10-28 17:29:41
person,2025-10-28 17:29:41
car,2025-10-28 17:29:41
person,2025-10-28 17:29:41
person,2025-10-28 17:29:41
person,2025-10-28 17:29:41
car,2025-10-28 17:29:41
person,2025-10-28 17:29:41
person,2025-10-28 17:29:41
person,2025-10-28 17:29:41
person,2025-10-28 17:29:41
person,2025-10-28 17:29:41
person,2025-10-28 17:29:41
person,2025-10-28 17:29:41
car,2025-10-28 17:29:41
person,2025-10-28 17:29:41
person,2025-10-28 17:29:41
car,2025-10-28 17:29:41
person,2025-10-28 17:29:41
person,2025-10-28 17:29:41
person,2025-10-28 17:29:41
person,2025-10-28 17:29:41
person,2025-10-28 17:29:41
person,2025-10-28 17:29:41
person,2025-10-28 17:29:41
person,2025-10-28 17:29:41
car,2025-10-28 17:29:42
person,2025-10-28 17:29:42
person,2025-10-28 17:29:42
car,2025-10-28 17:29:42
person,2025-10-28 17:29:42
person,2025-10-28 17:29:42
person,2025-10-28 17:29:42
person,2025-10-28 17:29:42
person,2025-10-28 17:29:42
person,2025-10-28 17:29:42
person,2025-10-28 17:29:42
person,2025-10-28 17:29:42
person,2025-10-28 17:29:42
car,2025-10-28 17:29:42
person,2025-10-28 17:29:42
person,2025-10-28 17:29:42
car,2025-10-28 17:29:42
person,2025-10-28 17:29:42
person,2025-10-28 17:29:42
person,2025-10-28 17:29:42
person,2025-10-28 17:29:42
person,2025-10-28 17:29:42
person,2025-10-28 17:29:42
person,2025-10-28 17:29:42
person,2025-10-28 17:29:42
person,2025-10-28 17:29:42
car,2025-10-28 17:29:42
person,2025-10-28 17:29:42
person,2025-10-28 17:29:42
person,2025-10-28 17:29:42
car,2025-10-28 17:29:42
person,2025-10-28 17:29:42
person,2025-10-28 17:29:42
person,2025-10-28 17:29:42
person,2025-10-28 17:29:42
person,2025-10-28 17:29:42
person,2025-10-28 17:29:42
person,2025-10-28 17:29:42
car,2025-10-28 17:29:43
person,2025-10-28 17:29:43
person,2025-10-28 17:29:43
car,2025-10-28 17:29:43
person,2025-10-28 17:29:43
person,2025-10-28 17:29:43
person,2025-10-28 17:29:43
person,2025-10-28 17:29:43
person,2025-10-28 17:29:43
person,2025-10-28 17:29:43
person,2025-10-28 17:29:43
person,2025-10-28 17:29:43
car,2025-10-28 17:29:43
person,2025-10-28 17:29:43
person,2025-10-28 17:29:43
person,2025-10-28 17:29:43
car,2025-10-28 17:29:43
person,2025-10-28 17:29:43
person,2025-10-28 17:29:43
person,2025-10-28 17:29:43
person,2025-10-28 17:29:43
person,2025-10-28 17:29:43
person,2025-10-28 17:29:43
car,2025-10-28 17:29:43
person,2025-10-28 17:29:43
person,2025-10-28 17:29:43
person,2025-10-28 17:29:43
car,2025-10-28 17:29:43
person,2025-10-28 17:29:43
person,2025-10-28 17:29:43
person,2025-10-28 17:29:43
person,2025-10-28 17:29:43
person,2025-10-28 17:29:43
person,2025-10-28 17:29:43
person,2025-10-28 17:29:43
car,2025-10-28 17:29:44
person,2025-10-28 17:29:44
person,2025-10-28 17:29:44
person,2025-10-28 17:29:44
car,2025-10-28 17:29:44
person,2025-10-28 17:29:44
person,2025-10-28 17:29:44
person,2025-10-28 17:29:44
person,2025-10-28 17:29:44
person,2025-10-28 17:29:44
person,2025-10-28 17:29:44
car,2025-10-28 17:29:44
person,2025-10-28 17:29:44
person,2025-10-28 17:29:44
car,2025-10-28 17:29:44
person,2025-10-28 17:29:44
person,2025-10-28 17:29:44
person,2025-10-28 17:29:44
person,2025-10-28 17:29:44
person,2025-10-28 17:29:44
person,2025-10-28 17:29:44
person,2025-10-28 17:29:44
car,2025-10-28 17:29:44
person,2025-10-28 17:29:44
person,2025-10-28 17:29:44
person,2025-10-28 17:29:44
car,2025-10-28 17:29:44
person,2025-10-28 17:29:44
person,2025-10-28 17:29:44
person,2025-10-28 17:29:44
person,2025-10-28 17:29:44
person,2025-10-28 17:29:44
person,2025-10-28 17:29:44
person,2025-10-28 17:29:45
car,2025-10-28 17:29:45
person,2025-10-28 17:29:45
person,2025-10-28 17:29:45
car,2025-10-28 17:29:45
person,2025-10-28 17:29:45
person,2025-10-28 17:29:45
person,2025-10-28 17:29:45
person,2025-10-28 17:29:45
person,2025-10-28 17:29:45
person,2025-10-28 17:29:45
car,2025-10-28 17:29:45
person,2025-10-28 17:29:45
person,2025-10-28 17:29:45
car,2025-10-28 17:29:45
person,2025-10-28 17:29:45
person,2025-10-28 17:29:45
person,2025-10-28 17:29:45
person,2025-10-28 17:29:45
person,2025-10-28 17:29:45
person,2025-10-28 17:29:45
car,2025-10-28 17:29:45
person,2025-10-28 17:29:45
car,2025-10-28 17:29:45
person,2025-10-28 17:29:45
person,2025-10-28 17:29:45
person,2025-10-28 17:29:45
person,2025-10-28 17:29:45
person,2025-10-28 17:29:45
person,2025-10-28 17:29:45
person,2025-10-28 17:29:46
car,2025-10-28 17:29:46
person,2025-10-28 17:29:46
car,2025-10-28 17:29:46
person,2025-10-28 17:29:46
person,2025-10-28 17:29:46
person,2025-10-28 17:29:46
person,2025-10-28 17:29:46
person,2025-10-28 17:29:46
person,2025-10-28 17:29:46
car,2025-10-28 17:29:46
person,2025-10-28 17:29:46
person,2025-10-28 17:29:46
car,2025-10-28 17:29:46
person,2025-10-28 17:29:46
person,2025-10-28 17:29:46
person,2025-10-28 17:29:46
person,2025-10-28 17:29:46
person,2025-10-28 17:29:46
person,2025-10-28 17:29:46
car,2025-10-28 17:29:46
person,2025-10-28 17:29:46
person,2025-10-28 17:29:46
car,2025-10-28 17:29:46
person,2025-10-28 17:29:46
person,2025-10-28 17:29:46
person,2025-10-28 17:29:46
person,2025-10-28 17:29:46
person,2025-10-28 17:29:46
person,2025-10-28 17:29:46
person,2025-10-28 17:29:47
car,2025-10-28 17:29:47
person,2025-10-28 17:29:47
car,2025-10-28 17:29:47
person,2025-10-28 17:29:47
person,2025-10-28 17:29:47
person,2025-10-28 17:29:47
person,2025-10-28 17:29:47
person,2025-10-28 17:29:47
car,2025-10-28 17:29:47
person,2025-10-28 17:29:47
car,2025-10-28 17:29:47
person,2025-10-28 17:29:47
person,2025-10-28 17:29:47
person,2025-10-28 17:29:47
person,2025-10-28 17:29:47
person,2025-10-28 17:29:47
person,2025-10-28 17:29:47
car,2025-10-28 17:29:47
person,2025-10-28 17:29:47
car,2025-10-28 17:29:47
person,2025-10-28 17:29:47
person,2025-10-28 17:29:47
person,2025-10-28 17:29:47
person,2025-10-28 17:29:47
person,2025-10-28 17:29:47
person,2025-10-28 17:29:47
person,2025-10-28 17:29:48
car,2025-10-28 17:29:48
car,2025-10-28 17:29:48
person,2025-10-28 17:29:48
person,2025-10-28 17:29:48
person,2025-10-28 17:29:48
person,2025-10-28 17:29:48
person,2025-10-28 17:29:48
person,2025-10-28 17:29:48
car,2025-10-28 17:29:48
person,2025-10-28 17:29:48
person,2025-10-28 17:29:48
car,2025-10-28 17:29:48
person,2025-10-28 17:29:48
person,2025-10-28 17:29:48
person,2025-10-28 17:29:48
person,2025-10-28 17:29:48
person,2025-10-28 17:29:48
person,2025-10-28 17:29:48
car,2025-10-28 17:29:48
person,2025-10-28 17:29:48
person,2025-10-28 17:29:48
car,2025-10-28 17:29:48
person,2025-10-28 17:29:48
person,2025-10-28 17:29:48
person,2025-10-28 17:29:48
person,2025-10-28 17:29:48
person,2025-10-28 17:29:48
person,2025-10-28 17:29:48
car,2025-10-28 17:29:48
car,2025-10-28 17:29:48
person,2025-10-28 17:29:48
person,2025-10-28 17:29:48
car,2025-10-28 17:29:48
person,2025-10-28 17:29:48
person,2025-10-28 17:29:48
person,2025-10-28 17:29:48
person,2025-10-28 17:29:49
person,2025-10-28 17:29:49
person,2025-10-28 17:29:49
car,2025-10-28 17:29:49
car,2025-10-28 17:29:49
person,2025-10-28 17:29:49
person,2025-10-28 17:29:49
person,2025-10-28 17:29:49
car,2025-10-28 17:29:49
person,2025-10-28 17:29:49
person,2025-10-28 17:29:49
person,2025-10-28 17:29:49
car,2025-10-28 17:29:49
person,2025-10-28 17:29:49
person,2025-10-28 17:29:49
car,2025-10-28 17:29:49
person,2025-10-28 17:29:49
person,2025-10-28 17:29:49
car,2025-10-28 17:29:49
person,2025-10-28 17:29:49
person,2025-10-28 17:29:49
person,2025-10-28 17:29:49
car,2025-10-28 17:29:49
person,2025-10-28 17:29:49
person,2025-10-28 17:29:49
car,2025-10-28 17:29:49
car,2025-10-28 17:29:49
person,2025-10-28 17:29:49
person,2025-10-28 17:29:49
person,2025-10-28 17:29:49
person,2025-10-28 17:29:49
car,2025-10-28 17:29:49
person,2025-10-28 17:29:49
person,2025-10-28 17:29:49
person,2025-10-28 17:29:49
person,2025-10-28 17:29:49
car,2025-10-28 17:29:50
car,2025-10-28 17:29:50
person,2025-10-28 17:29:50
person,2025-10-28 17:29:50
person,2025-10-28 17:29:50
person,2025-10-28 17:29:50
car,2025-10-28 17:29:50
person,2025-10-28 17:29:50
person,2025-10-28 17:29:50
person,2025-10-28 17:29:50
person,2025-10-28 17:29:50
car,2025-10-28 17:29:50
car,2025-10-28 17:29:50
person,2025-10-28 17:29:50
person,2025-10-28 17:29:50
person,2025-10-28 17:29:50
car,2025-10-28 17:29:50
person,2025-10-28 17:29:50
person,2025-10-28 17:29:50
person,2025-10-28 17:29:50
person,2025-10-28 17:29:50
person,2025-10-28 17:29:50
car,2025-10-28 17:29:50
person,2025-10-28 17:29:50
car,2025-10-28 17:29:50
person,2025-10-28 17:29:50
person,2025-10-28 17:29:50
car,2025-10-28 17:29:50
person,2025-10-28 17:29:50
person,2025-10-28 17:29:50
person,2025-10-28 17:29:50
person,2025-10-28 17:29:50
person,2025-10-28 17:29:50
car,2025-10-28 17:29:51
person,2025-10-28 17:29:51
car,2025-10-28 17:29:51
person,2025-10-28 17:29:51
person,2025-10-28 17:29:51
car,2025-10-28 17:29:51
person,2025-10-28 17:29:51
person,2025-10-28 17:29:51
person,2025-10-28 17:29:51
person,2025-10-28 17:29:51
person,2025-10-28 17:29:51
car,2025-10-28 17:29:51
person,2025-10-28 17:29:51
person,2025-10-28 17:29:51
car,2025-10-28 17:29:51
person,2025-10-28 17:29:51
person,2025-10-28 17:29:51
car,2025-10-28 17:29:51
person,2025-10-28 17:29:51
person,2025-10-28 17:29:51
person,2025-10-28 17:29:51
person,2025-10-28 17:29:51
person,2025-10-28 17:29:51
person,2025-10-28 17:29:51
car,2025-10-28 17:29:51
person,2025-10-28 17:29:51
car,2025-10-28 17:29:51
car,2025-10-28 17:29:51
person,2025-10-28 17:29:51
person,2025-10-28 17:29:51
person,2025-10-28 17:29:51
person,2025-10-28 17:29:51
person,2025-10-28 17:29:51
car,2025-10-28 17:29:52
person,2025-10-28 17:29:52
person,2025-10-28 17:29:52
car,2025-10-28 17:29:52
person,2025-10-28 17:29:52
person,2025-10-28 17:29:52
car,2025-10-28 17:29:52
person,2025-10-28 17:29:52
person,2025-10-28 17:29:52
person,2025-10-28 17:29:52
person,2025-10-28 17:29:52
car,2025-10-28 17:29:52
person,2025-10-28 17:29:52
car,2025-10-28 17:29:52
person,2025-10-28 17:29:52
person,2025-10-28 17:29:52
person,2025-10-28 17:29:52
car,2025-10-28 17:29:52
person,2025-10-28 17:29:52
person,2025-10-28 17:29:52
person,2025-10-28 17:29:52
person,2025-10-28 17:29:52
person,2025-10-28 17:29:52
car,2025-10-28 17:29:52
car,2025-10-28 17:29:52
person,2025-10-28 17:29:52
person,2025-10-28 17:29:52
car,2025-10-28 17:29:52
person,2025-10-28 17:29:52
person,2025-10-28 17:29:52
person,2025-10-28 17:29:52
person,2025-10-28 17:29:52
person,2025-10-28 17:29:53
car,2025-10-28 17:29:53
car,2025-10-28 17:29:53
person,2025-10-28 17:29:53
person,2025-10-28 17:29:53
person,2025-10-28 17:29:53
car,2025-10-28 17:29:53
person,2025-10-28 17:29:53
person,2025-10-28 17:29:53
person,2025-10-28 17:29:53
person,2025-10-28 17:29:53
car,2025-10-28 17:29:53
car,2025-10-28 17:29:53
person,2025-10-28 17:29:53
person,2025-10-28 17:29:53
car,2025-10-28 17:29:53
person,2025-10-28 17:29:53
person,2025-10-28 17:29:53
person,2025-10-28 17:29:53
person,2025-10-28 17:29:53
person,2025-10-28 17:29:53
car,2025-10-28 17:29:53
car,2025-10-28 17:29:53
person,2025-10-28 17:29:53
person,2025-10-28 17:29:53
person,2025-10-28 17:29:53
car,2025-10-28 17:29:53
person,2025-10-28 17:29:53
person,2025-10-28 17:29:53
person,2025-10-28 17:29:53
person,2025-10-28 17:29:54
car,2025-10-28 17:29:54
car,2025-10-28 17:29:54
person,2025-10-28 17:29:54
person,2025-10-28 17:29:54
person,2025-10-28 17:29:54
car,2025-10-28 17:29:54
person,2025-10-28 17:29:54
person,2025-10-28 17:29:54
car,2025-10-28 17:29:54
person,2025-10-28 17:29:54
person,2025-10-28 17:29:54
car,2025-10-28 17:29:54
person,2025-10-28 17:29:54
car,2025-10-28 17:29:54
person,2025-10-28 17:29:54
car,2025-10-28 17:29:54
person,2025-10-28 17:29:54
person,2025-10-28 17:29:54
person,2025-10-28 17:29:54
person,2025-10-28 17:29:54
car,2025-10-28 17:29:54
person,2025-10-28 17:29:54
person,2025-10-28 17:29:54
car,2025-10-28 17:29:54
person,2025-10-28 17:29:54
person,2025-10-28 17:29:54
car,2025-10-28 17:29:54
person,2025-10-28 17:29:54
person,2025-10-28 17:29:54
person,2025-10-28 17:29:54
car,2025-10-28 17:29:54
person,2025-10-28 17:29:54
car,2025-10-28 17:29:54
person,2025-10-28 17:29:54
car,2025-10-28 17:29:55
person,2025-10-28 17:29:55
person,2025-10-28 17:29:55
car,2025-10-28 17:29:55
person,2025-10-28 17:29:55
person,2025-10-28 17:29:55
person,2025-10-28 17:29:55
person,2025-10-28 17:29:55
person,2025-10-28 17:29:55
person,2025-10-28 17:29:55
car,2025-10-28 17:29:55
car,2025-10-28 17:29:55
person,2025-10-28 17:29:55
person,2025-10-28 17:29:55
person,2025-10-28 17:29:55
car,2025-10-28 17:29:55
person,2025-10-28 17:29:55
person,2025-10-28 17:29:55
person,2025-10-28 17:29:55
person,2025-10-28 17:29:55
person,2025-10-28 17:29:55
car,2025-10-28 17:29:55
car,2025-10-28 17:29:55
person,2025-10-28 17:29:55
person,2025-10-28 17:29:55
car,2025-10-28 17:29:55
person,2025-10-28 17:29:55
person,2025-10-28 17:29:55
person,2025-10-28 17:29:55
person,2025-10-28 17:29:55
person,2025-10-28 17:29:55
person,2025-10-28 17:29:55
car,2025-10-28 17:29:55
car,2025-10-28 17:29:56
person,2025-10-28 17:29:56
person,2025-10-28 17:29:56
person,2025-10-28 17:29:56
person,2025-10-28 17:29:56
car,2025-10-28 17:29:56
person,2025-10-28 17:29:56
person,2025-10-28 17:29:56
person,2025-10-28 17:29:56
person,2025-10-28 17:29:56
car,2025-10-28 17:29:56
person,2025-10-28 17:29:56
person,2025-10-28 17:29:56
person,2025-10-28 17:29:56
car,2025-10-28 17:29:56
person,2025-10-28 17:29:56
person,2025-10-28 17:29:56
person,2025-10-28 17:29:56
person,2025-10-28 17:29:56
person,2025-10-28 17:29:56
car,2025-10-28 17:29:56
car,2025-10-28 17:29:56
person,2025-10-28 17:29:56
person,2025-10-28 17:29:56
person,2025-10-28 17:29:56
person,2025-10-28 17:29:56
car,2025-10-28 17:29:56
person,2025-10-28 17:29:56
person,2025-10-28 17:29:56
person,2025-10-28 17:29:56
person,2025-10-28 17:29:56
car,2025-10-28 17:29:56
car,2025-10-28 17:29:57
person,2025-10-28 17:29:57
person,2025-10-28 17:29:57
person,2025-10-28 17:29:57
person,2025-10-28 17:29:57
person,2025-10-28 17:29:57
person,2025-10-28 17:29:57
person,2025-10-28 17:29:57
person,2025-10-28 17:29:57
car,2025-10-28 17:29:57
person,2025-10-28 17:29:57
person,2025-10-28 17:29:57
car,2025-10-28 17:29:57
person,2025-10-28 17:29:57
person,2025-10-28 17:29:57
person,2025-10-28 17:29:57
car,2025-10-28 17:29:57
person,2025-10-28 17:29:57
person,2025-10-28 17:29:57
person,2025-10-28 17:29:57
car,2025-10-28 17:29:57
car,2025-10-28 17:29:57
person,2025-10-28 17:29:57
person,2025-10-28 17:29:57
person,2025-10-28 17:29:57
person,2025-10-28 17:29:57
person,2025-10-28 17:29:57
person,2025-10-28 17:29:57
person,2025-10-28 17:29:57
car,2025-10-28 17:29:57
person,2025-10-28 17:29:57
car,2025-10-28 17:29:57
person,2025-10-28 17:29:58
person,2025-10-28 17:29:58
car,2025-10-28 17:29:58
person,2025-10-28 17:29:58
person,2025-10-28 17:29:58
person,2025-10-28 17:29:58
car,2025-10-28 17:29:58
person,2025-10-28 17:29:58
person,2025-10-28 17:29:58
person,2025-10-28 17:29:58
person,2025-10-28 17:29:58
person,2025-10-28 17:29:58
car,2025-10-28 17:29:58
car,2025-10-28 17:29:58
person,2025-10-28 17:29:58
person,2025-10-28 17:29:58
person,2025-10-28 17:29:58
person,2025-10-28 17:29:58
car,2025-10-28 17:29:58
person,2025-10-28 17:29:58
person,2025-10-28 17:29:58
person,2025-10-28 17:29:58
car,2025-10-28 17:29:58
person,2025-10-28 17:29:58
person,2025-10-28 17:29:58
car,2025-10-28 17:29:58
person,2025-10-28 17:29:58
person,2025-10-28 17:29:58
car,2025-10-28 17:29:58
person,2025-10-28 17:29:58
person,2025-10-28 17:29:58
person,2025-10-28 17:29:58
car,2025-10-28 17:29:59
person,2025-10-28 17:29:59
person,2025-10-28 17:29:59
person,2025-10-28 17:29:59
car,2025-10-28 17:29:59
person,2025-10-28 17:29:59
person,2025-10-28 17:29:59
person,2025-10-28 17:29:59
car,2025-10-28 17:29:59
person,2025-10-28 17:29:59
person,2025-10-28 17:29:59
car,2025-10-28 17:29:59
person,2025-10-28 17:29:59
person,2025-10-28 17:29:59
person,2025-10-28 17:29:59
car,2025-10-28 17:29:59
person,2025-10-28 17:29:59
person,2025-10-28 17:29:59
person,2025-10-28 17:29:59
person,2025-10-28 17:29:59
person,2025-10-28 17:29:59
car,2025-10-28 17:30:00
person,2025-10-28 17:30:00
person,2025-10-28 17:30:00
car,2025-10-28 17:30:00
person,2025-10-28 17:30:00
person,2025-10-28 17:30:00
person,2025-10-28 17:30:00
person,2025-10-28 17:30:00
person,2025-10-28 17:30:00
car,2025-10-28 17:30:00
person,2025-10-28 17:30:00
car,2025-10-28 17:30:00
person,2025-10-28 17:30:00
car,2025-10-28 17:30:00
person,2025-10-28 17:30:00
person,2025-10-28 17:30:00
person,2025-10-28 17:30:00
person,2025-10-28 17:30:00
car,2025-10-28 17:30:00
person,2025-10-28 17:30:00
person,2025-10-28 17:30:00
person,2025-10-28 17:30:00
car,2025-10-28 17:30:00
person,2025-10-28 17:30:00
person,2025-10-28 17:30:00
car,2025-10-28 17:30:00
person,2025-10-28 17:30:00
person,2025-10-28 17:30:00
person,2025-10-28 17:30:00
person,2025-10-28 17:30:00
person,2025-10-28 17:30:00
car,2025-10-28 17:30:00
person,2025-10-28 17:30:00
car,2025-10-28 17:30:01
person,2025-10-28 17:30:01
person,2025-10-28 17:30:01
car,2025-10-28 17:30:01
person,2025-10-28 17:30:01
person,2025-10-28 17:30:01
person,2025-10-28 17:30:01
person,2025-10-28 17:30:01
person,2025-10-28 17:30:01
person,2025-10-28 17:30:01
car,2025-10-28 17:30:02
car,2025-10-28 17:30:02
person,2025-10-28 17:30:02
person,2025-10-28 17:30:02
person,2025-10-28 17:30:02
person,2025-10-28 17:30:02
person,2025-10-28 17:30:02
person,2025-10-28 17:30:02
person,2025-10-28 17:30:02
car,2025-10-28 17:30:02
car,2025-10-28 17:30:02
person,2025-10-28 17:30:02
car,2025-10-28 17:30:02
person,2025-10-28 17:30:02
person,2025-10-28 17:30:02
person,2025-10-28 17:30:02
person,2025-10-28 17:30:02
person,2025-10-28 17:30:02
person,2025-10-28 17:30:02
car,2025-10-28 17:30:02
person,2025-10-28 17:30:02
car,2025-10-28 17:30:02
person,2025-10-28 17:30:02
car,2025-10-28 17:30:02
person,2025-10-28 17:30:02
person,2025-10-28 17:30:02
person,2025-10-28 17:30:02
person,2025-10-28 17:30:02
person,2025-10-28 17:30:02
car,2025-10-28 17:30:03
person,2025-10-28 17:30:03
person,2025-10-28 17:30:03
car,2025-10-28 17:30:03
car,2025-10-28 17:30:03
person,2025-10-28 17:30:03
person,2025-10-28 17:30:03
person,2025-10-28 17:30:03
person,2025-10-28 17:30:03
person,2025-10-28 17:30:03
person,2025-10-28 17:30:03
car,2025-10-28 17:30:03
person,2025-10-28 17:30:03
car,2025-10-28 17:30:03
car,2025-10-28 17:30:03
person,2025-10-28 17:30:03
person,2025-10-28 17:30:03
person,2025-10-28 17:30:03
person,2025-10-28 17:30:03
person,2025-10-28 17:30:03
person,2025-10-28 17:30:03
car,2025-10-28 17:30:03
person,2025-10-28 17:30:03
car,2025-10-28 17:30:03
person,2025-10-28 17:30:03
car,2025-10-28 17:30:03
person,2025-10-28 17:30:03
person,2025-10-28 17:30:03
person,2025-10-28 17:30:03
person,2025-10-28 17:30:03
person,2025-10-28 17:30:03
person,2025-10-28 17:30:04
person,2025-10-28 17:30:04
car,2025-10-28 17:30:04
car,2025-10-28 17:30:04
person,2025-10-28 17:30:04
car,2025-10-28 17:30:04
person,2025-10-28 17:30:04
person,2025-10-28 17:30:04
person,2025-10-28 17:30:04
person,2025-10-28 17:30:04
person,2025-10-28 17:30:04
person,2025-10-28 17:30:04
person,2025-10-28 17:30:04
car,2025-10-28 17:30:04
car,2025-10-28 17:30:04
car,2025-10-28 17:30:04
person,2025-10-28 17:30:04
person,2025-10-28 17:30:04
person,2025-10-28 17:30:04
person,2025-10-28 17:30:04
person,2025-10-28 17:30:04
car,2025-10-28 17:30:04
person,2025-10-28 17:30:04
car,2025-10-28 17:30:04
person,2025-10-28 17:30:04
car,2025-10-28 17:30:04
person,2025-10-28 17:30:04
person,2025-10-28 17:30:04
person,2025-10-28 17:30:04
person,2025-10-28 17:30:04
person,2025-10-28 17:30:04
person,2025-10-28 17:30:04
person,2025-10-28 17:30:05
car,2025-10-28 17:30:05
person,2025-10-28 17:30:05
person,2025-10-28 17:30:05
car,2025-10-28 17:30:05
car,2025-10-28 17:30:05
person,2025-10-28 17:30:05
person,2025-10-28 17:30:05
person,2025-10-28 17:30:05
person,2025-10-28 17:30:05
person,2025-10-28 17:30:05
car,2025-10-28 17:30:05
person,2025-10-28 17:30:05
person,2025-10-28 17:30:05
person,2025-10-28 17:30:05
person,2025-10-28 17:30:05
car,2025-10-28 17:30:05
car,2025-10-28 17:30:05
person,2025-10-28 17:30:05
person,2025-10-28 17:30:05
person,2025-10-28 17:30:05
person,2025-10-28 17:30:05
person,2025-10-28 17:30:05
car,2025-10-28 17:30:05
car,2025-10-28 17:30:05
person,2025-10-28 17:30:05
person,2025-10-28 17:30:05
car,2025-10-28 17:30:05
person,2025-10-28 17:30:05
person,2025-10-28 17:30:05
person,2025-10-28 17:30:06
person,2025-10-28 17:30:06
car,2025-10-28 17:30:06
person,2025-10-28 17:30:06
person,2025-10-28 17:30:06
car,2025-10-28 17:30:06
car,2025-10-28 17:30:06
person,2025-10-28 17:30:06
person,2025-10-28 17:30:06
person,2025-10-28 17:30:06
person,2025-10-28 17:30:06
person,2025-10-28 17:30:06
person,2025-10-28 17:30:06
car,2025-10-28 17:30:06
car,2025-10-28 17:30:06
person,2025-10-28 17:30:06
person,2025-10-28 17:30:06
person,2025-10-28 17:30:06
car,2025-10-28 17:30:06
person,2025-10-28 17:30:06
car,2025-10-28 17:30:06
person,2025-10-28 17:30:06
person,2025-10-28 17:30:06
car,2025-10-28 17:30:06
person,2025-10-28 17:30:06
person,2025-10-28 17:30:06
person,2025-10-28 17:30:06
person,2025-10-28 17:30:06
car,2025-10-28 17:30:06
person,2025-10-28 17:30:06
person,2025-10-28 17:30:06
person,2025-10-28 17:30:07
person,2025-10-28 17:30:07
person,2025-10-28 17:30:07
car,2025-10-28 17:30:07
person,2025-10-28 17:30:07
person,2025-10-28 17:30:07
person,2025-10-28 17:30:07
person,2025-10-28 17:30:07
person,2025-10-28 17:30:07
person,2025-10-28 17:30:07
car,2025-10-28 17:30:07
person,2025-10-28 17:30:07
person,2025-10-28 17:30:07
person,2025-10-28 17:30:07
person,2025-10-28 17:30:07
car,2025-10-28 17:30:07
person,2025-10-28 17:30:07
person,2025-10-28 17:30:07
person,2025-10-28 17:30:07
person,2025-10-28 17:30:07
car,2025-10-28 17:30:07
person,2025-10-28 17:30:07
person,2025-10-28 17:30:07
person,2025-10-28 17:30:07
person,2025-10-28 17:30:07
person,2025-10-28 17:30:08
person,2025-10-28 17:30:08
person,2025-10-28 17:30:08
car,2025-10-28 17:30:08
person,2025-10-28 17:30:08
person,2025-10-28 17:30:08
person,2025-10-28 17:30:08
person,2025-10-28 17:30:08
person,2025-10-28 17:30:08
person,2025-10-28 17:30:08
person,2025-10-28 17:30:08
car,2025-10-28 17:30:08
person,2025-10-28 17:30:08
person,2025-10-28 17:30:08
person,2025-10-28 17:30:08
person,2025-10-28 17:30:08
person,2025-10-28 17:30:08
person,2025-10-28 17:30:08
person,2025-10-28 17:30:08
car,2025-10-28 17:30:08
person,2025-10-28 17:30:08
car,2025-10-28 17:30:08
person,2025-10-28 17:30:08
person,2025-10-28 17:30:08
person,2025-10-28 17:30:08
car,2025-10-28 17:30:08
person,2025-10-28 17:30:09
person,2025-10-28 17:30:09
person,2025-10-28 17:30:09
car,2025-10-28 17:30:09
person,2025-10-28 17:30:09
car,2025-10-28 17:30:09
person,2025-10-28 17:30:09
car,2025-10-28 17:30:09
person,2025-10-28 17:30:09
person,2025-10-28 17:30:09
person,2025-10-28 17:30:09
person,2025-10-28 17:30:09
car,2025-10-28 17:30:09
person,2025-10-28 17:30:09
car,2025-10-28 17:30:09
person,2025-10-28 17:30:09
person,2025-10-28 17:30:09
person,2025-10-28 17:30:09
person,2025-10-28 17:30:09
person,2025-10-28 17:30:09
car,2025-10-28 17:30:09
person,2025-10-28 17:30:09
person,2025-10-28 17:30:09
car,2025-10-28 17:30:09
car,2025-10-28 17:30:09
person,2025-10-28 17:30:09
person,2025-10-28 17:30:09
person,2025-10-28 17:30:09
person,2025-10-28 17:30:09
car,2025-10-28 17:30:09
person,2025-10-28 17:30:09
person,2025-10-28 17:30:09
person,2025-10-28 17:30:10
person,2025-10-28 17:30:10
car,2025-10-28 17:30:10
car,2025-10-28 17:30:10
car,2025-10-28 17:30:10
person,2025-10-28 17:30:10
person,2025-10-28 17:30:10
person,2025-10-28 17:30:10
person,2025-10-28 17:30:10
person,2025-10-28 17:30:10
person,2025-10-28 17:30:10
car,2025-10-28 17:30:10
person,2025-10-28 17:30:10
car,2025-10-28 17:30:10
person,2025-10-28 17:30:10
car,2025-10-28 17:30:10
person,2025-10-28 17:30:10
person,2025-10-28 17:30:10
person,2025-10-28 17:30:10
person,2025-10-28 17:30:10
person,2025-10-28 17:30:10
car,2025-10-28 17:30:10
person,2025-10-28 17:30:10
car,2025-10-28 17:30:10
car,2025-10-28 17:30:10
person,2025-10-28 17:30:10
person,2025-10-28 17:30:10
person,2025-10-28 17:30:10
person,2025-10-28 17:30:10
person,2025-10-28 17:30:10
person,2025-10-28 17:30:11
car,2025-10-28 17:30:11
person,2025-10-28 17:30:11
car,2025-10-28 17:30:11
car,2025-10-28 17:30:11
person,2025-10-28 17:30:11
person,2025-10-28 17:30:11
person,2025-10-28 17:30:11
person,2025-10-28 17:30:11
person,2025-10-28 17:30:11
person,2025-10-28 17:30:11
car,2025-10-28 17:30:11
car,2025-10-28 17:30:11
person,2025-10-28 17:30:11
car,2025-10-28 17:30:11
person,2025-10-28 17:30:11
person,2025-10-28 17:30:11
person,2025-10-28 17:30:11
person,2025-10-28 17:30:11
person,2025-10-28 17:30:11
car,2025-10-28 17:30:11
car,2025-10-28 17:30:11
person,2025-10-28 17:30:11
person,2025-10-28 17:30:11
car,2025-10-28 17:30:11
person,2025-10-28 17:30:11
person,2025-10-28 17:30:11
person,2025-10-28 17:30:11
person,2025-10-28 17:30:11
car,2025-10-28 17:30:12
car,2025-10-28 17:30:12
person,2025-10-28 17:30:12
person,2025-10-28 17:30:12
person,2025-10-28 17:30:12
car,2025-10-28 17:30:12
person,2025-10-28 17:30:12
person,2025-10-28 17:30:12
person,2025-10-28 17:30:12
person,2025-10-28 17:30:12
car,2025-10-28 17:30:12
car,2025-10-28 17:30:12
person,2025-10-28 17:30:12
person,2025-10-28 17:30:12
person,2025-10-28 17:30:12
car,2025-10-28 17:30:12
person,2025-10-28 17:30:12
person,2025-10-28 17:30:12
person,2025-10-28 17:30:12
person,2025-10-28 17:30:12
car,2025-10-28 17:30:12
person,2025-10-28 17:30:12
car,2025-10-28 17:30:12
person,2025-10-28 17:30:12
person,2025-10-28 17:30:12
person,2025-10-28 17:30:12
car,2025-10-28 17:30:12
person,2025-10-28 17:30:12
person,2025-10-28 17:30:12
person,2025-10-28 17:30:12
car,2025-10-28 17:30:12
person,2025-10-28 17:30:12
person,2025-10-28 17:30:12
person,2025-10-28 17:30:12
person,2025-10-28 17:30:12
car,2025-10-28 17:30:12
car,2025-10-28 17:30:12
person,2025-10-28 17:30:12
person,2025-10-28 17:30:12
person,2025-10-28 17:30:12
car,2025-10-28 17:30:13
person,2025-10-28 17:30:13
person,2025-10-28 17:30:13
person,2025-10-28 17:30:13
person,2025-10-28 17:30:13
car,2025-10-28 17:30:13
person,2025-10-28 17:30:13
car,2025-10-28 17:30:13
person,2025-10-28 17:30:13
car,2025-10-28 17:30:13
person,2025-10-28 17:30:13
person,2025-10-28 17:30:13
person,2025-10-28 17:30:13
person,2025-10-28 17:30:13
car,2025-10-28 17:30:13
person,2025-10-28 17:30:13
car,2025-10-28 17:30:13
car,2025-10-28 17:30:13
person,2025-10-28 17:30:13
person,2025-10-28 17:30:13
person,2025-10-28 17:30:13
car,2025-10-28 17:30:13
car,2025-10-28 17:30:13
person,2025-10-28 17:30:13
person,2025-10-28 17:30:13
car,2025-10-28 17:30:14
person,2025-10-28 17:30:14
car,2025-10-28 17:30:14
person,2025-10-28 17:30:14
person,2025-10-28 17:30:14
car,2025-10-28 17:30:14
person,2025-10-28 17:30:14
person,2025-10-28 17:30:14
car,2025-10-28 17:30:14
car,2025-10-28 17:30:14
person,2025-10-28 17:30:14
person,2025-10-28 17:30:14
person,2025-10-28 17:30:14
car,2025-10-28 17:30:14
person,2025-10-28 17:30:14
car,2025-10-28 17:30:14
car,2025-10-28 17:30:14
person,2025-10-28 17:30:14
person,2025-10-28 17:30:14
person,2025-10-28 17:30:14
car,2025-10-28 17:30:14
person,2025-10-28 17:30:14
car,2025-10-28 17:30:15
car,2025-10-28 17:30:15
person,2025-10-28 17:30:15
car,2025-10-28 17:30:15
person,2025-10-28 17:30:15
person,2025-10-28 17:30:15
car,2025-10-28 17:30:15
car,2025-10-28 17:30:15
person,2025-10-28 17:30:15
car,2025-10-28 17:30:15
person,2025-10-28 17:30:15
person,2025-10-28 17:30:15
car,2025-10-28 17:30:15
car,2025-10-28 17:30:15
person,2025-10-28 17:30:15
person,2025-10-28 17:30:15
person,2025-10-28 17:30:15
car,2025-10-28 17:30:15
car,2025-10-28 17:30:16
car,2025-10-28 17:30:16
person,2025-10-28 17:30:16
person,2025-10-28 17:30:16
car,2025-10-28 17:30:16
person,2025-10-28 17:30:16
car,2025-10-28 17:30:16
car,2025-10-28 17:30:16
person,2025-10-28 17:30:16
person,2025-10-28 17:30:16
car,2025-10-28 17:30:16
person,2025-10-28 17:30:16
car,2025-10-28 17:30:16
car,2025-10-28 17:30:16
person,2025-10-28 17:30:16
person,2025-10-28 17:30:16
person,2025-10-28 17:30:16
car,2025-10-28 17:30:16
car,2025-10-28 17:30:17
car,2025-10-28 17:30:17
person,2025-10-28 17:30:17
person,2025-10-28 17:30:17
person,2025-10-28 17:30:17
car,2025-10-28 17:30:17
car,2025-10-28 17:30:17
car,2025-10-28 17:30:17
person,2025-10-28 17:30:17
person,2025-10-28 17:30:17
person,2025-10-28 17:30:17
car,2025-10-28 17:30:17
car,2025-10-28 17:30:17
car,2025-10-28 17:30:17
person,2025-10-28 17:30:17
person,2025-10-28 17:30:17
person,2025-10-28 17:30:17
car,2025-10-28 17:30:17
car,2025-10-28 17:30:17
person,2025-10-28 17:30:17
car,2025-10-28 17:30:18
car,2025-10-28 17:30:18
person,2025-10-28 17:30:18
person,2025-10-28 17:30:18
person,2025-10-28 17:30:18
car,2025-10-28 17:30:18
person,2025-10-28 17:30:18
car,2025-10-28 17:30:18
person,2025-10-28 17:30:18
car,2025-10-28 17:30:18
car,2025-10-28 17:30:18
person,2025-10-28 17:30:18
person,2025-10-28 17:30:18
person,2025-10-28 17:30:18
car,2025-10-28 17:30:18
person,2025-10-28 17:30:18
car,2025-10-28 17:30:18
car,2025-10-28 17:30:18
person,2025-10-28 17:30:18
person,2025-10-28 17:30:18
person,2025-10-28 17:30:18
person,2025-10-28 17:30:18
person,2025-10-28 17:30:18
car,2025-10-28 17:30:18
car,2025-10-28 17:30:19
car,2025-10-28 17:30:19
person,2025-10-28 17:30:19
person,2025-10-28 17:30:19
person,2025-10-28 17:30:19
person,2025-10-28 17:30:19
car,2025-10-28 17:30:19
person,2025-10-28 17:30:19
car,2025-10-28 17:30:19
car,2025-10-28 17:30:19
person,2025-10-28 17:30:19
person,2025-10-28 17:30:19
person,2025-10-28 17:30:19
car,2025-10-28 17:30:19
person,2025-10-28 17:30:19
person,2025-10-28 17:30:19
car,2025-10-28 17:30:19
car,2025-10-28 17:30:19
person,2025-10-28 17:30:19
person,2025-10-28 17:30:19
car,2025-10-28 17:30:19
person,2025-10-28 17:30:19
person,2025-10-28 17:30:19
car,2025-10-28 17:30:19
car,2025-10-28 17:30:19
person,2025-10-28 17:30:19
car,2025-10-28 17:30:19
person,2025-10-28 17:30:19
person,2025-10-28 17:30:19
person,2025-10-28 17:30:19
person,2025-10-28 17:30:19
car,2025-10-28 17:30:20
car,2025-10-28 17:30:20
person,2025-10-28 17:30:20
car,2025-10-28 17:30:20
person,2025-10-28 17:30:20
person,2025-10-28 17:30:20
person,2025-10-28 17:30:20
car,2025-10-28 17:30:20
car,2025-10-28 17:30:20
person,2025-10-28 17:30:20
car,2025-10-28 17:30:20
person,2025-10-28 17:30:20
person,2025-10-28 17:30:20
person,2025-10-28 17:30:20
person,2025-10-28 17:30:20
car,2025-10-28 17:30:20
car,2025-10-28 17:30:20
car,2025-10-28 17:30:20
person,2025-10-28 17:30:20
car,2025-10-28 17:30:20
person,2025-10-28 17:30:20
person,2025-10-28 17:30:20
person,2025-10-28 17:30:20
person,2025-10-28 17:30:20
car,2025-10-28 17:30:20
car,2025-10-28 17:30:21
car,2025-10-28 17:30:21
person,2025-10-28 17:30:21
car,2025-10-28 17:30:21
person,2025-10-28 17:30:21
person,2025-10-28 17:30:21
person,2025-10-28 17:30:21
person,2025-10-28 17:30:21
car,2025-10-28 17:30:21
car,2025-10-28 17:30:21
person,2025-10-28 17:30:21
person,2025-10-28 17:30:21
car,2025-10-28 17:30:21
person,2025-10-28 17:30:21
person,2025-10-28 17:30:21
person,2025-10-28 17:30:21
car,2025-10-28 17:30:21
car,2025-10-28 17:30:21
person,2025-10-28 17:30:21
person,2025-10-28 17:30:21
car,2025-10-28 17:30:21
person,2025-10-28 17:30:21
person,2025-10-28 17:30:21
person,2025-10-28 17:30:21
car,2025-10-28 17:30:22
car,2025-10-28 17:30:22
person,2025-10-28 17:30:22
person,2025-10-28 17:30:22
car,2025-10-28 17:30:22
person,2025-10-28 17:30:22
person,2025-10-28 17:30:22
car,2025-10-28 17:30:22
car,2025-10-28 17:30:22
person,2025-10-28 17:30:22
person,2025-10-28 17:30:22
person,2025-10-28 17:30:22
car,2025-10-28 17:30:22
person,2025-10-28 17:30:22
car,2025-10-28 17:30:22
car,2025-10-28 17:30:22
person,2025-10-28 17:30:22
person,2025-10-28 17:30:22
person,2025-10-28 17:30:22
car,2025-10-28 17:30:22
person,2025-10-28 17:30:22
car,2025-10-28 17:30:23
car,2025-10-28 17:30:23
person,2025-10-28 17:30:23
person,2025-10-28 17:30:23
person,2025-10-28 17:30:23
car,2025-10-28 17:30:23
person,2025-10-28 17:30:23
car,2025-10-28 17:30:23
car,2025-10-28 17:30:23
person,2025-10-28 17:30:23
person,2025-10-28 17:30:23
person,2025-10-28 17:30:23
car,2025-10-28 17:30:23
person,2025-10-28 17:30:23
person,2025-10-28 17:30:23
car,2025-10-28 17:30:23
car,2025-10-28 17:30:23
person,2025-10-28 17:30:23
person,2025-10-28 17:30:23
person,2025-10-28 17:30:23
car,2025-10-28 17:30:23
person,2025-10-28 17:30:23
person,2025-10-28 17:30:23
car,2025-10-28 17:30:24
car,2025-10-28 17:30:24
person,2025-10-28 17:30:24
person,2025-10-28 17:30:24
person,2025-10-28 17:30:24
person,2025-10-28 17:30:24
car,2025-10-28 17:30:24
person,2025-10-28 17:30:24
car,2025-10-28 17:30:24
car,2025-10-28 17:30:24
person,2025-10-28 17:30:24
person,2025-10-28 17:30:24
person,2025-10-28 17:30:24
person,2025-10-28 17:30:24
car,2025-10-28 17:30:24
car,2025-10-28 17:30:24
car,2025-10-28 17:30:24
person,2025-10-28 17:30:24
person,2025-10-28 17:30:24
person,2025-10-28 17:30:24
person,2025-10-28 17:30:24
car,2025-10-28 17:30:25
car,2025-10-28 17:30:25
person,2025-10-28 17:30:25
person,2025-10-28 17:30:25
person,2025-10-28 17:30:25
person,2025-10-28 17:30:25
car,2025-10-28 17:30:25
car,2025-10-28 17:30:25
person,2025-10-28 17:30:25
car,2025-10-28 17:30:25
person,2025-10-28 17:30:25
person,2025-10-28 17:30:25
person,2025-10-28 17:30:25
truck,2025-10-28 17:30:25
car,2025-10-28 17:30:26
person,2025-10-28 17:30:26
car,2025-10-28 17:30:26
person,2025-10-28 17:30:26
car,2025-10-28 17:30:26
person,2025-10-28 17:30:26
person,2025-10-28 17:30:26
person,2025-10-28 17:30:26
car,2025-10-28 17:30:26
car,2025-10-28 17:30:26
person,2025-10-28 17:30:26
person,2025-10-28 17:30:26
person,2025-10-28 17:30:26
car,2025-10-28 17:30:26
person,2025-10-28 17:30:26
person,2025-10-28 17:30:26
person,2025-10-28 17:30:26
car,2025-10-28 17:30:26
car,2025-10-28 17:30:26
person,2025-10-28 17:30:26
person,2025-10-28 17:30:26
person,2025-10-28 17:30:26
person,2025-10-28 17:30:26
person,2025-10-28 17:30:26
person,2025-10-28 17:30:26
car,2025-10-28 17:30:26
car,2025-10-28 17:30:27
car,2025-10-28 17:30:27
person,2025-10-28 17:30:27
person,2025-10-28 17:30:27
person,2025-10-28 17:30:27
person,2025-10-28 17:30:27
person,2025-10-28 17:30:27
person,2025-10-28 17:30:27
car,2025-10-28 17:30:27
person,2025-10-28 17:30:27
car,2025-10-28 17:30:27
person,2025-10-28 17:30:27
person,2025-10-28 17:30:27
person,2025-10-28 17:30:27
car,2025-10-28 17:30:27
person,2025-10-28 17:30:27
person,2025-10-28 17:30:27
car,2025-10-28 17:30:27
person,2025-10-28 17:30:27
car,2025-10-28 17:30:27
person,2025-10-28 17:30:27
person,2025-10-28 17:30:27
person,2025-10-28 17:30:27
person,2025-10-28 17:30:27
person,2025-10-28 17:30:27
car,2025-10-28 17:30:27
car,2025-10-28 17:30:28
car,2025-10-28 17:30:28
person,2025-10-28 17:30:28
person,2025-10-28 17:30:28
person,2025-10-28 17:30:28
car,2025-10-28 17:30:28
person,2025-10-28 17:30:28
person,2025-10-28 17:30:28
person,2025-10-28 17:30:28
car,2025-10-28 17:30:28
car,2025-10-28 17:30:28
person,2025-10-28 17:30:28
person,2025-10-28 17:30:28
person,2025-10-28 17:30:28
car,2025-10-28 17:30:28
person,2025-10-28 17:30:28
person,2025-10-28 17:30:28
person,2025-10-28 17:30:28
car,2025-10-28 17:30:28
car,2025-10-28 17:30:28
person,2025-10-28 17:30:28
person,2025-10-28 17:30:28
person,2025-10-28 17:30:28
car,2025-10-28 17:30:28
person,2025-10-28 17:30:28
person,2025-10-28 17:30:28
person,2025-10-28 17:30:28
car,2025-10-28 17:30:29
car,2025-10-28 17:30:29
person,2025-10-28 17:30:29
person,2025-10-28 17:30:29
person,2025-10-28 17:30:29
person,2025-10-28 17:30:29
person,2025-10-28 17:30:29
car,2025-10-28 17:30:29
person,2025-10-28 17:30:29
car,2025-10-28 17:30:29
car,2025-10-28 17:30:29
person,2025-10-28 17:30:29
person,2025-10-28 17:30:29
person,2025-10-28 17:30:29
person,2025-10-28 17:30:29
car,2025-10-28 17:30:29
person,2025-10-28 17:30:29
person,2025-10-28 17:30:29
car,2025-10-28 17:30:29
car,2025-10-28 17:30:29
person,2025-10-28 17:30:29
person,2025-10-28 17:30:29
person,2025-10-28 17:30:29
car,2025-10-28 17:30:29
person,2025-10-28 17:30:29
person,2025-10-28 17:30:29
person,2025-10-28 17:30:29
car,2025-10-28 17:30:30
car,2025-10-28 17:30:30
person,2025-10-28 17:30:30
person,2025-10-28 17:30:30
person,2025-10-28 17:30:30
person,2025-10-28 17:30:30
person,2025-10-28 17:30:30
person,2025-10-28 17:30:30
car,2025-10-28 17:30:30
truck,2025-10-28 17:30:30
car,2025-10-28 17:30:30
person,2025-10-28 17:30:30
car,2025-10-28 17:30:30
person,2025-10-28 17:30:30
person,2025-10-28 17:30:30
person,2025-10-28 17:30:30
person,2025-10-28 17:30:30
person,2025-10-28 17:30:30
car,2025-10-28 17:30:30
car,2025-10-28 17:30:30
person,2025-10-28 17:30:30
car,2025-10-28 17:30:30
person,2025-10-28 17:30:30
person,2025-10-28 17:30:30
person,2025-10-28 17:30:30
car,2025-10-28 17:30:30
person,2025-10-28 17:30:30
person,2025-10-28 17:30:30
car,2025-10-28 17:30:31
person,2025-10-28 17:30:31
car,2025-10-28 17:30:31
person,2025-10-28 17:30:31
person,2025-10-28 17:30:31
person,2025-10-28 17:30:31
car,2025-10-28 17:30:31
person,2025-10-28 17:30:31
person,2025-10-28 17:30:31
car,2025-10-28 17:30:31
car,2025-10-28 17:30:31
person,2025-10-28 17:30:31
person,2025-10-28 17:30:31
car,2025-10-28 17:30:31
person,2025-10-28 17:30:31
person,2025-10-28 17:30:31
person,2025-10-28 17:30:31
person,2025-10-28 17:30:31
person,2025-10-28 17:30:31
car,2025-10-28 17:30:31
car,2025-10-28 17:30:31
car,2025-10-28 17:30:31
person,2025-10-28 17:30:31
person,2025-10-28 17:30:31
car,2025-10-28 17:30:31
person,2025-10-28 17:30:31
person,2025-10-28 17:30:31
person,2025-10-28 17:30:31
person,2025-10-28 17:30:31
person,2025-10-28 17:30:31
car,2025-10-28 17:30:31
car,2025-10-28 17:30:32
car,2025-10-28 17:30:32
person,2025-10-28 17:30:32
person,2025-10-28 17:30:32
car,2025-10-28 17:30:32
person,2025-10-28 17:30:32
person,2025-10-28 17:30:32
person,2025-10-28 17:30:32
person,2025-10-28 17:30:32
person,2025-10-28 17:30:32
car,2025-10-28 17:30:32
car,2025-10-28 17:30:32
car,2025-10-28 17:30:32
person,2025-10-28 17:30:32
person,2025-10-28 17:30:32
car,2025-10-28 17:30:32
person,2025-10-28 17:30:32
person,2025-10-28 17:30:32
person,2025-10-28 17:30:32
car,2025-10-28 17:30:32
person,2025-10-28 17:30:32
person,2025-10-28 17:30:32
car,2025-10-28 17:30:32
car,2025-10-28 17:30:32
person,2025-10-28 17:30:32
person,2025-10-28 17:30:32
car,2025-10-28 17:30:32
person,2025-10-28 17:30:32
person,2025-10-28 17:30:32
person,2025-10-28 17:30:32
car,2025-10-28 17:30:32
person,2025-10-28 17:30:32
car,2025-10-28 17:30:33
person,2025-10-28 17:30:33
car,2025-10-28 17:30:33
person,2025-10-28 17:30:33
car,2025-10-28 17:30:33
person,2025-10-28 17:30:33
person,2025-10-28 17:30:33
person,2025-10-28 17:30:33
car,2025-10-28 17:30:33
person,2025-10-28 17:30:33
car,2025-10-28 17:30:33
person,2025-10-28 17:30:33
person,2025-10-28 17:30:33
car,2025-10-28 17:30:33
car,2025-10-28 17:30:33
person,2025-10-28 17:30:33
car,2025-10-28 17:30:33
person,2025-10-28 17:30:33
person,2025-10-28 17:30:33
person,2025-10-28 17:30:33
car,2025-10-28 17:30:33
person,2025-10-28 17:30:33
person,2025-10-28 17:30:33
car,2025-10-28 17:30:33
person,2025-10-28 17:30:33
car,2025-10-28 17:30:33
car,2025-10-28 17:30:33
person,2025-10-28 17:30:33
person,2025-10-28 17:30:33
person,2025-10-28 17:30:33
car,2025-10-28 17:30:33
person,2025-10-28 17:30:33
car,2025-10-28 17:30:33
person,2025-10-28 17:30:33
car,2025-10-28 17:30:33
person,2025-10-28 17:30:33
car,2025-10-28 17:30:33
person,2025-10-28 17:30:33
person,2025-10-28 17:30:33
car,2025-10-28 17:30:34
car,2025-10-28 17:30:34
person,2025-10-28 17:30:34
car,2025-10-28 17:30:34
person,2025-10-28 17:30:34
person,2025-10-28 17:30:34
car,2025-10-28 17:30:34
person,2025-10-28 17:30:34
person,2025-10-28 17:30:34
person,2025-10-28 17:30:34
car,2025-10-28 17:30:34
car,2025-10-28 17:30:34
person,2025-10-28 17:30:34
person,2025-10-28 17:30:34
car,2025-10-28 17:30:34
car,2025-10-28 17:30:34
person,2025-10-28 17:30:34
person,2025-10-28 17:30:34
person,2025-10-28 17:30:34
person,2025-10-28 17:30:34
car,2025-10-28 17:30:34
car,2025-10-28 17:30:34
person,2025-10-28 17:30:34
person,2025-10-28 17:30:34
car,2025-10-28 17:30:34
person,2025-10-28 17:30:34
car,2025-10-28 17:30:34
person,2025-10-28 17:30:34
person,2025-10-28 17:30:34
person,2025-10-28 17:30:34
car,2025-10-28 17:30:35
car,2025-10-28 17:30:35
car,2025-10-28 17:30:35
person,2025-10-28 17:30:35
person,2025-10-28 17:30:35
car,2025-10-28 17:30:35
person,2025-10-28 17:30:35
person,2025-10-28 17:30:35
person,2025-10-28 17:30:35
person,2025-10-28 17:30:35
car,2025-10-28 17:30:35
car,2025-10-28 17:30:35
person,2025-10-28 17:30:35
person,2025-10-28 17:30:35
car,2025-10-28 17:30:35
car,2025-10-28 17:30:35
person,2025-10-28 17:30:35
person,2025-10-28 17:30:35
car,2025-10-28 17:30:35
car,2025-10-28 17:30:35
car,2025-10-28 17:30:35
person,2025-10-28 17:30:35
person,2025-10-28 17:30:35
person,2025-10-28 17:30:35
person,2025-10-28 17:30:35
car,2025-10-28 17:30:35
car,2025-10-28 17:30:36
car,2025-10-28 17:30:36
person,2025-10-28 17:30:36
person,2025-10-28 17:30:36
person,2025-10-28 17:30:36
car,2025-10-28 17:30:36
person,2025-10-28 17:30:36
car,2025-10-28 17:30:36
car,2025-10-28 17:30:36
car,2025-10-28 17:30:36
person,2025-10-28 17:30:36
person,2025-10-28 17:30:36
person,2025-10-28 17:30:36
car,2025-10-28 17:30:36
person,2025-10-28 17:30:36
person,2025-10-28 17:30:36
person,2025-10-28 17:30:36
car,2025-10-28 17:30:36
car,2025-10-28 17:30:36
car,2025-10-28 17:30:36
person,2025-10-28 17:30:36
person,2025-10-28 17:30:36
person,2025-10-28 17:30:36
car,2025-10-28 17:30:36
person,2025-10-28 17:30:36
person,2025-10-28 17:30:36
car,2025-10-28 17:30:36
person,2025-10-28 17:30:36
car,2025-10-28 17:30:37
car,2025-10-28 17:30:37
person,2025-10-28 17:30:37
person,2025-10-28 17:30:37
person,2025-10-28 17:30:37
person,2025-10-28 17:30:37
person,2025-10-28 17:30:37
car,2025-10-28 17:30:37
car,2025-10-28 17:30:37
car,2025-10-28 17:30:37
car,2025-10-28 17:30:37
person,2025-10-28 17:30:37
person,2025-10-28 17:30:37
person,2025-10-28 17:30:37
car,2025-10-28 17:30:37
person,2025-10-28 17:30:37
person,2025-10-28 17:30:37
person,2025-10-28 17:30:37
person,2025-10-28 17:30:37
car,2025-10-28 17:30:37
person,2025-10-28 17:30:37
car,2025-10-28 17:30:37
car,2025-10-28 17:30:37
person,2025-10-28 17:30:37
person,2025-10-28 17:30:37
person,2025-10-28 17:30:37
person,2025-10-28 17:30:37
car,2025-10-28 17:30:37
person,2025-10-28 17:30:37
person,2025-10-28 17:30:37
car,2025-10-28 17:30:37
car,2025-10-28 17:30:38
car,2025-10-28 17:30:38
person,2025-10-28 17:30:38
person,2025-10-28 17:30:38
person,2025-10-28 17:30:38
car,2025-10-28 17:30:38
person,2025-10-28 17:30:38
person,2025-10-28 17:30:38
car,2025-10-28 17:30:38
person,2025-10-28 17:30:38
person,2025-10-28 17:30:38
person,2025-10-28 17:30:38
car,2025-10-28 17:30:38
person,2025-10-28 17:30:38
car,2025-10-28 17:30:38
person,2025-10-28 17:30:38
person,2025-10-28 17:30:38
person,2025-10-28 17:30:38
person,2025-10-28 17:30:38
car,2025-10-28 17:30:38
car,2025-10-28 17:30:39
car,2025-10-28 17:30:39
person,2025-10-28 17:30:39
person,2025-10-28 17:30:39
person,2025-10-28 17:30:39
person,2025-10-28 17:30:39
person,2025-10-28 17:30:39
car,2025-10-28 17:30:39
person,2025-10-28 17:30:39
person,2025-10-28 17:30:39
person,2025-10-28 17:30:39
car,2025-10-28 17:30:39
person,2025-10-28 17:30:39
car,2025-10-28 17:30:39
person,2025-10-28 17:30:39
person,2025-10-28 17:30:39
person,2025-10-28 17:30:39
person,2025-10-28 17:30:39
person,2025-10-28 17:30:39
person,2025-10-28 17:30:39
car,2025-10-28 17:30:39
car,2025-10-28 17:30:39
person,2025-10-28 17:30:39
person,2025-10-28 17:30:39
person,2025-10-28 17:30:39
person,2025-10-28 17:30:39
car,2025-10-28 17:30:40
person,2025-10-28 17:30:40
person,2025-10-28 17:30:40
person,2025-10-28 17:30:40
person,2025-10-28 17:30:40
person,2025-10-28 17:30:40
car,2025-10-28 17:30:40
person,2025-10-28 17:30:40
car,2025-10-28 17:30:40
car,2025-10-28 17:30:40
car,2025-10-28 17:30:40
person,2025-10-28 17:30:40
person,2025-10-28 17:30:40
person,2025-10-28 17:30:40
person,2025-10-28 17:30:40
person,2025-10-28 17:30:40
person,2025-10-28 17:30:40
person,2025-10-28 17:30:40
person,2025-10-28 17:30:40
person,2025-10-28 17:30:40
car,2025-10-28 17:30:40
car,2025-10-28 17:30:41
person,2025-10-28 17:30:41
person,2025-10-28 17:30:41
person,2025-10-28 17:30:41
person,2025-10-28 17:30:41
person,2025-10-28 17:30:41
person,2025-10-28 17:30:41
person,2025-10-28 17:30:41
person,2025-10-28 17:30:41
car,2025-10-28 17:30:41
person,2025-10-28 17:30:41
car,2025-10-28 17:30:41
person,2025-10-28 17:30:41
person,2025-10-28 17:30:41
person,2025-10-28 17:30:41
person,2025-10-28 17:30:41
person,2025-10-28 17:30:41
person,2025-10-28 17:30:41
person,2025-10-28 17:30:41
person,2025-10-28 17:30:41
person,2025-10-28 17:30:41
car,2025-10-28 17:30:41
person,2025-10-28 17:30:41
person,2025-10-28 17:30:41
person,2025-10-28 17:30:41
person,2025-10-28 17:30:41
person,2025-10-28 17:30:41
person,2025-10-28 17:30:41
person,2025-10-28 17:30:41
car,2025-10-28 17:30:41
person,2025-10-28 17:30:41
car,2025-10-28 17:30:42
person,2025-10-28 17:30:42
person,2025-10-28 17:30:42
person,2025-10-28 17:30:42
person,2025-10-28 17:30:42
person,2025-10-28 17:30:42
person,2025-10-28 17:30:42
car,2025-10-28 17:30:42
person,2025-10-28 17:30:42
person,2025-10-28 17:30:42
car,2025-10-28 17:30:42
person,2025-10-28 17:30:42
person,2025-10-28 17:30:42
person,2025-10-28 17:30:42
person,2025-10-28 17:30:42
car,2025-10-28 17:30:42
person,2025-10-28 17:30:42
person,2025-10-28 17:30:42
person,2025-10-28 17:30:42
person,2025-10-28 17:30:42
person,2025-10-28 17:30:43
person,2025-10-28 17:30:43
car,2025-10-28 17:30:43
person,2025-10-28 17:30:43
person,2025-10-28 17:30:43
car,2025-10-28 17:30:43
person,2025-10-28 17:30:43
person,2025-10-28 17:30:43
person,2025-10-28 17:30:43
person,2025-10-28 17:30:43
person,2025-10-28 17:30:43
person,2025-10-28 17:30:43
person,2025-10-28 17:30:43
person,2025-10-28 17:30:43
person,2025-10-28 17:30:43
person,2025-10-28 17:30:43
car,2025-10-28 17:30:43
person,2025-10-28 17:30:43
person,2025-10-28 17:30:44
person,2025-10-28 17:30:44
person,2025-10-28 17:30:44
car,2025-10-28 17:30:44
person,2025-10-28 17:30:44
person,2025-10-28 17:30:44
person,2025-10-28 17:30:44
car,2025-10-28 17:30:44
person,2025-10-28 17:30:44
person,2025-10-28 17:30:44
person,2025-10-28 17:30:44
person,2025-10-28 17:30:44
person,2025-10-28 17:30:44
person,2025-10-28 17:30:44
person,2025-10-28 17:30:44
car,2025-10-28 17:30:44
car,2025-10-28 17:30:44
person,2025-10-28 17:30:44
person,2025-10-28 17:30:44
car,2025-10-28 17:30:44
person,2025-10-28 17:30:44
person,2025-10-28 17:30:44
person,2025-10-28 17:30:44
person,2025-10-28 17:30:44
person,2025-10-28 17:30:44
person,2025-10-28 17:30:45
person,2025-10-28 17:30:45
car,2025-10-28 17:30:45
person,2025-10-28 17:30:45
person,2025-10-28 17:30:45
person,2025-10-28 17:30:45
person,2025-10-28 17:30:45
person,2025-10-28 17:30:45
person,2025-10-28 17:30:45
person,2025-10-28 17:30:45
person,2025-10-28 17:30:45
person,2025-10-28 17:30:45
person,2025-10-28 17:30:45
car,2025-10-28 17:30:45
person,2025-10-28 17:30:45
person,2025-10-28 17:30:45
car,2025-10-28 17:30:45
person,2025-10-28 17:30:45
person,2025-10-28 17:30:46
person,2025-10-28 17:30:46
person,2025-10-28 17:30:46
person,2025-10-28 17:30:46
person,2025-10-28 17:30:46
car,2025-10-28 17:30:46
person,2025-10-28 17:30:46
person,2025-10-28 17:30:46
person,2025-10-28 17:30:46
person,2025-10-28 17:30:46
person,2025-10-28 17:30:46
person,2025-10-28 17:30:46
person,2025-10-28 17:30:46
car,2025-10-28 17:30:46
person,2025-10-28 17:30:46
person,2025-10-28 17:30:46
person,2025-10-28 17:30:46
person,2025-10-28 17:30:46
person,2025-10-28 17:30:46
person,2025-10-28 17:30:46
person,2025-10-28 17:30:46
person,2025-10-28 17:30:46
person,2025-10-28 17:30:46
car,2025-10-28 17:30:46
person,2025-10-28 17:30:46
car,2025-10-28 17:30:47
person,2025-10-28 17:30:47
person,2025-10-28 17:30:47
person,2025-10-28 17:30:47
person,2025-10-28 17:30:47
person,2025-10-28 17:30:47
person,2025-10-28 17:30:47
person,2025-10-28 17:30:47
person,2025-10-28 17:30:47
car,2025-10-28 17:30:47
person,2025-10-28 17:30:47
person,2025-10-28 17:30:47
person,2025-10-28 17:30:47
person,2025-10-28 17:30:47
person,2025-10-28 17:30:47
person,2025-10-28 17:30:47
person,2025-10-28 17:30:47
person,2025-10-28 17:30:47
person,2025-10-28 17:30:47
car,2025-10-28 17:30:47
person,2025-10-28 17:30:47
person,2025-10-28 17:30:47
person,2025-10-28 17:30:47
person,2025-10-28 17:30:47
person,2025-10-28 17:30:47
person,2025-10-28 17:30:47
person,2025-10-28 17:30:47
person,2025-10-28 17:30:48
car,2025-10-28 17:30:48
person,2025-10-28 17:30:48
person,2025-10-28 17:30:48
person,2025-10-28 17:30:48
person,2025-10-28 17:30:48
person,2025-10-28 17:30:48
person,2025-10-28 17:30:48
person,2025-10-28 17:30:48
person,2025-10-28 17:30:48
person,2025-10-28 17:30:48
car,2025-10-28 17:30:48
person,2025-10-28 17:30:48
person,2025-10-28 17:30:48
person,2025-10-28 17:30:48
person,2025-10-28 17:30:48
person,2025-10-28 17:30:48
person,2025-10-28 17:30:48
person,2025-10-28 17:30:48
person,2025-10-28 17:30:48
person,2025-10-28 17:30:48
car,2025-10-28 17:30:49
person,2025-10-28 17:30:49
person,2025-10-28 17:30:49
person,2025-10-28 17:30:49
person,2025-10-28 17:30:49
person,2025-10-28 17:30:49
person,2025-10-28 17:30:49
person,2025-10-28 17:30:49
person,2025-10-28 17:30:49
person,2025-10-28 17:30:49
person,2025-10-28 17:30:49
person,2025-10-28 17:30:49
person,2025-10-28 17:30:49
person,2025-10-28 17:30:49
person,2025-10-28 17:30:49
person,2025-10-28 17:30:49
person,2025-10-28 17:30:49
person,2025-10-28 17:30:49
person,2025-10-28 17:30:49
car,2025-10-28 17:30:49
person,2025-10-28 17:30:49
person,2025-10-28 17:30:49
car,2025-10-28 17:30:49
person,2025-10-28 17:30:49
person,2025-10-28 17:30:49
person,2025-10-28 17:30:49
person,2025-10-28 17:30:49
person,2025-10-28 17:30:49
person,2025-10-28 17:30:49
person,2025-10-28 17:30:49
person,2025-10-28 17:30:49
person,2025-10-28 17:30:49
person,2025-10-28 17:30:49
person,2025-10-28 17:30:49
car,2025-10-28 17:30:50
person,2025-10-28 17:30:50
person,2025-10-28 17:30:50
person,2025-10-28 17:30:50
person,2025-10-28 17:30:50
person,2025-10-28 17:30:50
person,2025-10-28 17:30:50
person,2025-10-28 17:30:50
person,2025-10-28 17:30:50
person,2025-10-28 17:30:50
person,2025-10-28 17:30:50
person,2025-10-28 17:30:50
person,2025-10-28 17:30:50
car,2025-10-28 17:30:50
person,2025-10-28 17:30:50
person,2025-10-28 17:30:50
person,2025-10-28 17:30:50
person,2025-10-28 17:30:50
person,2025-10-28 17:30:50
person,2025-10-28 17:30:50
person,2025-10-28 17:30:50
person,2025-10-28 17:30:50
person,2025-10-28 17:30:50
person,2025-10-28 17:30:50
person,2025-10-28 17:30:50
person,2025-10-28 17:30:50
car,2025-10-28 17:30:50
person,2025-10-28 17:30:50
person,2025-10-28 17:30:50
person,2025-10-28 17:30:50
person,2025-10-28 17:30:50
person,2025-10-28 17:30:51
person,2025-10-28 17:30:51
person,2025-10-28 17:30:51
person,2025-10-28 17:30:51
person,2025-10-28 17:30:51
person,2025-10-28 17:30:51
person,2025-10-28 17:30:51
person,2025-10-28 17:30:51
person,2025-10-28 17:30:51
person,2025-10-28 17:30:51
person,2025-10-28 17:30:51
person,2025-10-28 17:30:51
person,2025-10-28 17:30:51
person,2025-10-28 17:30:51
car,2025-10-28 17:30:51
person,2025-10-28 17:30:51
person,2025-10-28 17:30:51
person,2025-10-28 17:30:51
person,2025-10-28 17:30:51
person,2025-10-28 17:30:51
person,2025-10-28 17:30:51
person,2025-10-28 17:30:51
person,2025-10-28 17:30:51
person,2025-10-28 17:30:51
person,2025-10-28 17:30:51
person,2025-10-28 17:30:51
person,2025-10-28 17:30:51
person,2025-10-28 17:30:51
car,2025-10-28 17:30:51
person,2025-10-28 17:30:51
person,2025-10-28 17:30:51
car,2025-10-28 17:30:51
person,2025-10-28 17:30:51
person,2025-10-28 17:30:52
person,2025-10-28 17:30:52
person,2025-10-28 17:30:52
person,2025-10-28 17:30:52
car,2025-10-28 17:30:52
person,2025-10-28 17:30:52
person,2025-10-28 17:30:52
person,2025-10-28 17:30:52
person,2025-10-28 17:30:52
car,2025-10-28 17:30:52
person,2025-10-28 17:30:52
person,2025-10-28 17:30:52
person,2025-10-28 17:30:52
person,2025-10-28 17:30:52
person,2025-10-28 17:30:52
person,2025-10-28 17:30:52
person,2025-10-28 17:30:52
person,2025-10-28 17:30:52
person,2025-10-28 17:30:52
person,2025-10-28 17:30:52
car,2025-10-28 17:30:52
person,2025-10-28 17:30:52
car,2025-10-28 17:30:52
person,2025-10-28 17:30:52
person,2025-10-28 17:30:52
person,2025-10-28 17:30:52
person,2025-10-28 17:30:52
person,2025-10-28 17:30:52
person,2025-10-28 17:30:52
person,2025-10-28 17:30:52
person,2025-10-28 17:30:52
person,2025-10-28 17:30:52
person,2025-10-28 17:30:52
person,2025-10-28 17:30:52
person,2025-10-28 17:30:52
car,2025-10-28 17:30:52
person,2025-10-28 17:30:52
person,2025-10-28 17:30:53
person,2025-10-28 17:30:53
person,2025-10-28 17:30:53
person,2025-10-28 17:30:53
person,2025-10-28 17:30:53
car,2025-10-28 17:30:53
person,2025-10-28 17:30:53
person,2025-10-28 17:30:53
person,2025-10-28 17:30:53
person,2025-10-28 17:30:53
person,2025-10-28 17:30:53
person,2025-10-28 17:30:53
person,2025-10-28 17:30:53
person,2025-10-28 17:30:53
person,2025-10-28 17:30:53
person,2025-10-28 17:30:53
car,2025-10-28 17:30:53
person,2025-10-28 17:30:53
person,2025-10-28 17:30:53
person,2025-10-28 17:30:53
person,2025-10-28 17:30:53
person,2025-10-28 17:30:53
person,2025-10-28 17:30:53
car,2025-10-28 17:30:53
person,2025-10-28 17:30:53
person,2025-10-28 17:30:53
person,2025-10-28 17:30:53
person,2025-10-28 17:30:53
person,2025-10-28 17:30:53
person,2025-10-28 17:30:53
person,2025-10-28 17:30:53
person,2025-10-28 17:30:53
car,2025-10-28 17:30:54
person,2025-10-28 17:30:54
person,2025-10-28 17:30:54
person,2025-10-28 17:30:54
person,2025-10-28 17:30:54
person,2025-10-28 17:30:54
person,2025-10-28 17:30:54
person,2025-10-28 17:30:54
car,2025-10-28 17:30:54
person,2025-10-28 17:30:54
person,2025-10-28 17:30:54
person,2025-10-28 17:30:55
car,2025-10-28 17:30:55
person,2025-10-28 17:30:55
person,2025-10-28 17:30:55
person,2025-10-28 17:30:55
person,2025-10-28 17:30:55
car,2025-10-28 17:30:55
person,2025-10-28 17:30:55
person,2025-10-28 17:30:55
person,2025-10-28 17:30:55
person,2025-10-28 17:30:55
person,2025-10-28 17:30:56
car,2025-10-28 17:30:56
person,2025-10-28 17:30:56
car,2025-10-28 17:30:56
person,2025-10-28 17:30:56
person,2025-10-28 17:30:56
person,2025-10-28 17:30:56
person,2025-10-28 17:30:56
person,2025-10-28 17:30:56
person,2025-10-28 17:30:56
person,2025-10-28 17:30:56
person,2025-10-28 17:30:56
car,2025-10-28 17:30:56
person,2025-10-28 17:30:56
person,2025-10-28 17:30:56
person,2025-10-28 17:30:56
person,2025-10-28 17:30:56
car,2025-10-28 17:30:56
person,2025-10-28 17:30:56
person,2025-10-28 17:30:56
person,2025-10-28 17:30:56
person,2025-10-28 17:30:56
person,2025-10-28 17:30:56
car,2025-10-28 17:30:56
person,2025-10-28 17:30:56
person,2025-10-28 17:30:56
person,2025-10-28 17:30:56
person,2025-10-28 17:30:56
car,2025-10-28 17:30:56
car,2025-10-28 17:30:56
person,2025-10-28 17:30:56
person,2025-10-28 17:30:56
car,2025-10-28 17:30:57
person,2025-10-28 17:30:57
person,2025-10-28 17:30:57
person,2025-10-28 17:30:57
car,2025-10-28 17:30:57
person,2025-10-28 17:30:57
person,2025-10-28 17:30:57
person,2025-10-28 17:30:57
person,2025-10-28 17:30:57
car,2025-10-28 17:30:57
car,2025-10-28 17:31:08
car,2025-10-28 17:31:08
car,2025-10-28 17:31:08
car,2025-10-28 17:31:08
car,2025-10-28 17:31:08
car,2025-10-28 17:31:08
truck,2025-10-28 17:31:08
car,2025-10-28 17:31:08
car,2025-10-28 17:31:08
car,2025-10-28 17:31:08
car,2025-10-28 17:31:08
car,2025-10-28 17:31:08
person,2025-10-28 17:31:08
truck,2025-10-28 17:31:08
car,2025-10-28 17:31:08
car,2025-10-28 17:31:08
car,2025-10-28 17:31:08
car,2025-10-28 17:31:09
car,2025-10-28 17:31:09
car,2025-10-28 17:31:09
car,2025-10-28 17:31:09
car,2025-10-28 17:31:09
car,2025-10-28 17:31:09
car,2025-10-28 17:31:09
truck,2025-10-28 17:31:09
car,2025-10-28 17:31:09
car,2025-10-28 17:31:09
car,2025-10-28 17:31:09
car,2025-10-28 17:31:09
car,2025-10-28 17:31:09
car,2025-10-28 17:31:09
truck,2025-10-28 17:31:09
person,2025-10-28 17:31:09
car,2025-10-28 17:31:10
car,2025-10-28 17:31:10
car,2025-10-28 17:31:10
car,2025-10-28 17:31:10
car,2025-10-28 17:31:10
car,2025-10-28 17:31:10
car,2025-10-28 17:31:10
car,2025-10-28 17:31:10
car,2025-10-28 17:31:10
truck,2025-10-28 17:31:10
car,2025-10-28 17:31:10
car,2025-10-28 17:31:10
car,2025-10-28 17:31:10
car,2025-10-28 17:31:10
person,2025-10-28 17:31:10
truck,2025-10-28 17:31:10
car,2025-10-28 17:31:10
car,2025-10-28 17:31:10
car,2025-10-28 17:31:10
car,2025-10-28 17:31:10
car,2025-10-28 17:31:10
car,2025-10-28 17:31:10
truck,2025-10-28 17:31:10
car,2025-10-28 17:31:10
car,2025-10-28 17:31:10
car,2025-10-28 17:31:10
car,2025-10-28 17:31:10
car,2025-10-28 17:31:10
car,2025-10-28 17:31:10
car,2025-10-28 17:31:10
truck,2025-10-28 17:31:10
person,2025-10-28 17:31:10
car,2025-10-28 17:31:11
car,2025-10-28 17:31:11
car,2025-10-28 17:31:11
car,2025-10-28 17:31:11
car,2025-10-28 17:31:11
car,2025-10-28 17:31:11
truck,2025-10-28 17:31:11
car,2025-10-28 17:31:11
car,2025-10-28 17:31:11
car,2025-10-28 17:31:11
car,2025-10-28 17:31:11
truck,2025-10-28 17:31:11
car,2025-10-28 17:31:11
car,2025-10-28 17:31:11
car,2025-10-28 17:31:11
person,2025-10-28 17:31:11
car,2025-10-28 17:31:11
car,2025-10-28 17:31:11
car,2025-10-28 17:31:11
car,2025-10-28 17:31:11
car,2025-10-28 17:31:11
car,2025-10-28 17:31:11
truck,2025-10-28 17:31:11
car,2025-10-28 17:31:11
car,2025-10-28 17:31:11
car,2025-10-28 17:31:11
car,2025-10-28 17:31:11
truck,2025-10-28 17:31:11
car,2025-10-28 17:31:11
car,2025-10-28 17:31:11
person,2025-10-28 17:31:11
car,2025-10-28 17:31:11
car,2025-10-28 17:31:11
car,2025-10-28 17:31:11
car,2025-10-28 17:31:11
car,2025-10-28 17:31:11
car,2025-10-28 17:31:11
car,2025-10-28 17:31:11
truck,2025-10-28 17:31:11
car,2025-10-28 17:31:11
car,2025-10-28 17:31:11
car,2025-10-28 17:31:11
truck,2025-10-28 17:31:11
car,2025-10-28 17:31:11
car,2025-10-28 17:31:12
car,2025-10-28 17:31:12
car,2025-10-28 17:31:12
car,2025-10-28 17:31:12
car,2025-10-28 17:31:12
car,2025-10-28 17:31:12
car,2025-10-28 17:31:12
truck,2025-10-28 17:31:12
car,2025-10-28 17:31:12
car,2025-10-28 17:31:12
truck,2025-10-28 17:31:12
car,2025-10-28 17:31:12
car,2025-10-28 17:31:12
car,2025-10-28 17:31:12
car,2025-10-28 17:31:12
car,2025-10-28 17:31:12
car,2025-10-28 17:31:12
car,2025-10-28 17:31:12
car,2025-10-28 17:31:12
truck,2025-10-28 17:31:12
car,2025-10-28 17:31:12
car,2025-10-28 17:31:12
car,2025-10-28 17:31:12
car,2025-10-28 17:31:12
car,2025-10-28 17:31:12
car,2025-10-28 17:31:12
truck,2025-10-28 17:31:12
car,2025-10-28 17:31:12
car,2025-10-28 17:31:13
car,2025-10-28 17:31:13
car,2025-10-28 17:31:13
car,2025-10-28 17:31:13
car,2025-10-28 17:31:13
truck,2025-10-28 17:31:13
car,2025-10-28 17:31:13
car,2025-10-28 17:31:13
car,2025-10-28 17:31:13
car,2025-10-28 17:31:13
truck,2025-10-28 17:31:13
car,2025-10-28 17:31:13
car,2025-10-28 17:31:13
car,2025-10-28 17:31:13
car,2025-10-28 17:31:13
car,2025-10-28 17:31:13
car,2025-10-28 17:31:13
car,2025-10-28 17:31:13
car,2025-10-28 17:31:13
truck,2025-10-28 17:31:13
car,2025-10-28 17:31:13
car,2025-10-28 17:31:13
car,2025-10-28 17:31:13
truck,2025-10-28 17:31:13
car,2025-10-28 17:31:13
car,2025-10-28 17:31:13
car,2025-10-28 17:31:13
car,2025-10-28 17:31:13
car,2025-10-28 17:31:13
car,2025-10-28 17:31:13
car,2025-10-28 17:31:13
car,2025-10-28 17:31:13
car,2025-10-28 17:31:13
car,2025-10-28 17:31:13
car,2025-10-28 17:31:13
car,2025-10-28 17:31:13
truck,2025-10-28 17:31:13
truck,2025-10-28 17:31:13
car,2025-10-28 17:31:13
car,2025-10-28 17:31:13
car,2025-10-28 17:31:13
car,2025-10-28 17:31:13
car,2025-10-28 17:31:14
car,2025-10-28 17:31:14
car,2025-10-28 17:31:14
car,2025-10-28 17:31:14
car,2025-10-28 17:31:14
truck,2025-10-28 17:31:14
car,2025-10-28 17:31:14
car,2025-10-28 17:31:14
car,2025-10-28 17:31:14
truck,2025-10-28 17:31:14
car,2025-10-28 17:31:14
car,2025-10-28 17:31:14
car,2025-10-28 17:31:14
car,2025-10-28 17:31:14
car,2025-10-28 17:31:14
car,2025-10-28 17:31:14
car,2025-10-28 17:31:14
car,2025-10-28 17:31:14
car,2025-10-28 17:31:14
truck,2025-10-28 17:31:14
car,2025-10-28 17:31:14
car,2025-10-28 17:31:14
car,2025-10-28 17:31:14
car,2025-10-28 17:31:14
car,2025-10-28 17:31:14
car,2025-10-28 17:31:14
truck,2025-10-28 17:31:14
car,2025-10-28 17:31:14
car,2025-10-28 17:31:14
car,2025-10-28 17:31:15
car,2025-10-28 17:31:15
car,2025-10-28 17:31:15
car,2025-10-28 17:31:15
car,2025-10-28 17:31:15
car,2025-10-28 17:31:15
car,2025-10-28 17:31:15
truck,2025-10-28 17:31:15
car,2025-10-28 17:31:15
car,2025-10-28 17:31:15
car,2025-10-28 17:31:15
car,2025-10-28 17:31:15
truck,2025-10-28 17:31:15
car,2025-10-28 17:31:15
car,2025-10-28 17:31:15
car,2025-10-28 17:31:15
car,2025-10-28 17:31:15
car,2025-10-28 17:31:15
car,2025-10-28 17:31:15
car,2025-10-28 17:31:15
car,2025-10-28 17:31:15
car,2025-10-28 17:31:15
truck,2025-10-28 17:31:15
car,2025-10-28 17:31:15
car,2025-10-28 17:31:15
car,2025-10-28 17:31:15
car,2025-10-28 17:31:15
truck,2025-10-28 17:31:15
car,2025-10-28 17:31:15
car,2025-10-28 17:31:15
car,2025-10-28 17:31:15
car,2025-10-28 17:31:15
car,2025-10-28 17:31:15
car,2025-10-28 17:31:15
car,2025-10-28 17:31:15
truck,2025-10-28 17:31:15
car,2025-10-28 17:31:15
car,2025-10-28 17:31:15
car,2025-10-28 17:31:15
car,2025-10-28 17:31:15
truck,2025-10-28 17:31:15
car,2025-10-28 17:31:15
car,2025-10-28 17:31:15
car,2025-10-28 17:31:15
car,2025-10-28 17:31:15
car,2025-10-28 17:31:16
car,2025-10-28 17:31:16
car,2025-10-28 17:31:16
car,2025-10-28 17:31:16
car,2025-10-28 17:31:16
car,2025-10-28 17:31:16
car,2025-10-28 17:31:16
truck,2025-10-28 17:31:16
car,2025-10-28 17:31:16
truck,2025-10-28 17:31:16
car,2025-10-28 17:31:16
car,2025-10-28 17:31:16
car,2025-10-28 17:31:16
car,2025-10-28 17:31:16
car,2025-10-28 17:31:16
car,2025-10-28 17:31:16
car,2025-10-28 17:31:16
car,2025-10-28 17:31:16
car,2025-10-28 17:31:16
car,2025-10-28 17:31:16
car,2025-10-28 17:31:16
car,2025-10-28 17:31:16
car,2025-10-28 17:31:16
truck,2025-10-28 17:31:16
car,2025-10-28 17:31:16
car,2025-10-28 17:31:16
car,2025-10-28 17:31:16
car,2025-10-28 17:31:16
truck,2025-10-28 17:31:16
car,2025-10-28 17:31:16
car,2025-10-28 17:31:16
car,2025-10-28 17:31:16
car,2025-10-28 17:31:16
car,2025-10-28 17:31:16
car,2025-10-28 17:31:16
car,2025-10-28 17:31:16
car,2025-10-28 17:31:16
car,2025-10-28 17:31:17
truck,2025-10-28 17:31:17
car,2025-10-28 17:31:17
car,2025-10-28 17:31:17
car,2025-10-28 17:31:17
car,2025-10-28 17:31:17
car,2025-10-28 17:31:17
truck,2025-10-28 17:31:17
car,2025-10-28 17:31:17
car,2025-10-28 17:31:17
car,2025-10-28 17:31:17
car,2025-10-28 17:31:17
car,2025-10-28 17:31:17
car,2025-10-28 17:31:17
car,2025-10-28 17:31:17
truck,2025-10-28 17:31:17
car,2025-10-28 17:31:17
car,2025-10-28 17:31:17
car,2025-10-28 17:31:17
car,2025-10-28 17:31:17
car,2025-10-28 17:31:17
car,2025-10-28 17:31:17
car,2025-10-28 17:31:17
truck,2025-10-28 17:31:17
car,2025-10-28 17:31:17
car,2025-10-28 17:31:17
car,2025-10-28 17:31:17
car,2025-10-28 17:31:17
car,2025-10-28 17:31:17
car,2025-10-28 17:31:17
car,2025-10-28 17:31:17
truck,2025-10-28 17:31:17
car,2025-10-28 17:31:17
car,2025-10-28 17:31:17
car,2025-10-28 17:31:17
car,2025-10-28 17:31:17
car,2025-10-28 17:31:17
truck,2025-10-28 17:31:17
truck,2025-10-28 17:31:17
car,2025-10-28 17:31:17
car,2025-10-28 17:31:18
car,2025-10-28 17:31:18
car,2025-10-28 17:31:18
car,2025-10-28 17:31:18
car,2025-10-28 17:31:18
car,2025-10-28 17:31:18
car,2025-10-28 17:31:18
car,2025-10-28 17:31:18
car,2025-10-28 17:31:18
car,2025-10-28 17:31:18
truck,2025-10-28 17:31:18
car,2025-10-28 17:31:18
car,2025-10-28 17:31:18
car,2025-10-28 17:31:18
truck,2025-10-28 17:31:18
car,2025-10-28 17:31:18
car,2025-10-28 17:31:18
car,2025-10-28 17:31:18
car,2025-10-28 17:31:18
car,2025-10-28 17:31:18
car,2025-10-28 17:31:18
car,2025-10-28 17:31:18
car,2025-10-28 17:31:18
truck,2025-10-28 17:31:18
car,2025-10-28 17:31:18
car,2025-10-28 17:31:18
car,2025-10-28 17:31:18
car,2025-10-28 17:31:18
car,2025-10-28 17:31:18
car,2025-10-28 17:31:18
car,2025-10-28 17:31:19
car,2025-10-28 17:31:19
car,2025-10-28 17:31:19
car,2025-10-28 17:31:19
car,2025-10-28 17:31:19
car,2025-10-28 17:31:19
car,2025-10-28 17:31:19
car,2025-10-28 17:31:19
truck,2025-10-28 17:31:19
car,2025-10-28 17:31:19
car,2025-10-28 17:31:19
car,2025-10-28 17:31:19
car,2025-10-28 17:31:19
car,2025-10-28 17:31:19
car,2025-10-28 17:31:19
car,2025-10-28 17:31:19
car,2025-10-28 17:31:19
car,2025-10-28 17:31:19
car,2025-10-28 17:31:19
car,2025-10-28 17:31:19
car,2025-10-28 17:31:19
car,2025-10-28 17:31:19
truck,2025-10-28 17:31:19
car,2025-10-28 17:31:19
car,2025-10-28 17:31:19
car,2025-10-28 17:31:19
car,2025-10-28 17:31:19
car,2025-10-28 17:31:19
car,2025-10-28 17:31:19
car,2025-10-28 17:31:19
car,2025-10-28 17:31:19
car,2025-10-28 17:31:19
car,2025-10-28 17:31:19
car,2025-10-28 17:31:19
car,2025-10-28 17:31:19
car,2025-10-28 17:31:19
car,2025-10-28 17:31:19
truck,2025-10-28 17:31:19
car,2025-10-28 17:31:19
car,2025-10-28 17:31:19
car,2025-10-28 17:31:19
car,2025-10-28 17:31:19
car,2025-10-28 17:31:19
car,2025-10-28 17:31:19
car,2025-10-28 17:31:19
car,2025-10-28 17:31:19
car,2025-10-28 17:31:20
car,2025-10-28 17:31:20
car,2025-10-28 17:31:20
car,2025-10-28 17:31:20
car,2025-10-28 17:31:20
car,2025-10-28 17:31:20
car,2025-10-28 17:31:20
car,2025-10-28 17:31:20
car,2025-10-28 17:31:20
car,2025-10-28 17:31:20
truck,2025-10-28 17:31:20
car,2025-10-28 17:31:20
car,2025-10-28 17:31:20
car,2025-10-28 17:31:20
car,2025-10-28 17:31:20
car,2025-10-28 17:31:20
car,2025-10-28 17:31:20
car,2025-10-28 17:31:20
car,2025-10-28 17:31:20
car,2025-10-28 17:31:20
car,2025-10-28 17:31:20
car,2025-10-28 17:31:20
car,2025-10-28 17:31:20
car,2025-10-28 17:31:20
car,2025-10-28 17:31:20
car,2025-10-28 17:31:20
truck,2025-10-28 17:31:20
car,2025-10-28 17:31:20
car,2025-10-28 17:31:20
car,2025-10-28 17:31:21
car,2025-10-28 17:31:21
car,2025-10-28 17:31:21
car,2025-10-28 17:31:21
car,2025-10-28 17:31:21
car,2025-10-28 17:31:21
car,2025-10-28 17:31:21
car,2025-10-28 17:31:21
car,2025-10-28 17:31:21
car,2025-10-28 17:31:21
car,2025-10-28 17:31:21
car,2025-10-28 17:31:21
car,2025-10-28 17:31:21
car,2025-10-28 17:31:21
truck,2025-10-28 17:31:21
car,2025-10-28 17:31:21
car,2025-10-28 17:31:21
car,2025-10-28 17:31:21
car,2025-10-28 17:31:21
car,2025-10-28 17:31:21
car,2025-10-28 17:31:21
car,2025-10-28 17:31:21
car,2025-10-28 17:31:21
car,2025-10-28 17:31:21
car,2025-10-28 17:31:21
car,2025-10-28 17:31:21
truck,2025-10-28 17:31:21
car,2025-10-28 17:31:21
car,2025-10-28 17:31:21
car,2025-10-28 17:31:21
car,2025-10-28 17:31:21
car,2025-10-28 17:31:21
car,2025-10-28 17:31:21
car,2025-10-28 17:31:21
car,2025-10-28 17:31:21
car,2025-10-28 17:31:21
car,2025-10-28 17:31:21
car,2025-10-28 17:31:21
car,2025-10-28 17:31:21
car,2025-10-28 17:31:21
car,2025-10-28 17:31:21
car,2025-10-28 17:31:21
car,2025-10-28 17:31:21
car,2025-10-28 17:31:21
car,2025-10-28 17:31:21
truck,2025-10-28 17:31:21
truck,2025-10-28 17:31:21
car,2025-10-28 17:31:21
car,2025-10-28 17:31:22
car,2025-10-28 17:31:22
car,2025-10-28 17:31:22
car,2025-10-28 17:31:22
car,2025-10-28 17:31:22
car,2025-10-28 17:31:22
car,2025-10-28 17:31:22
car,2025-10-28 17:31:22
car,2025-10-28 17:31:22
car,2025-10-28 17:31:22
car,2025-10-28 17:31:22
truck,2025-10-28 17:31:22
car,2025-10-28 17:31:22
car,2025-10-28 17:31:22
car,2025-10-28 17:31:22
car,2025-10-28 17:31:22
car,2025-10-28 17:31:22
car,2025-10-28 17:31:22
car,2025-10-28 17:31:22
car,2025-10-28 17:31:22
car,2025-10-28 17:31:22
car,2025-10-28 17:31:22
car,2025-10-28 17:31:22
car,2025-10-28 17:31:22
car,2025-10-28 17:31:22
car,2025-10-28 17:31:22
car,2025-10-28 17:31:22
car,2025-10-28 17:31:22
car,2025-10-28 17:31:22
truck,2025-10-28 17:31:22
truck,2025-10-28 17:31:22
car,2025-10-28 17:31:22
car,2025-10-28 17:31:22
car,2025-10-28 17:31:22
car,2025-10-28 17:31:22
car,2025-10-28 17:31:22
car,2025-10-28 17:31:22
car,2025-10-28 17:31:22
car,2025-10-28 17:31:22
car,2025-10-28 17:31:22
car,2025-10-28 17:31:22
car,2025-10-28 17:31:23
car,2025-10-28 17:31:23
car,2025-10-28 17:31:23
car,2025-10-28 17:31:23
car,2025-10-28 17:31:23
truck,2025-10-28 17:31:23
truck,2025-10-28 17:31:23
car,2025-10-28 17:31:23
car,2025-10-28 17:31:23
car,2025-10-28 17:31:23
car,2025-10-28 17:31:23
car,2025-10-28 17:31:23
car,2025-10-28 17:31:23
car,2025-10-28 17:31:23
car,2025-10-28 17:31:23
car,2025-10-28 17:31:23
car,2025-10-28 17:31:23
car,2025-10-28 17:31:23
car,2025-10-28 17:31:23
car,2025-10-28 17:31:23
car,2025-10-28 17:31:23
truck,2025-10-28 17:31:23
car,2025-10-28 17:31:23
car,2025-10-28 17:31:23
car,2025-10-28 17:31:23
car,2025-10-28 17:31:23
car,2025-10-28 17:31:23
car,2025-10-28 17:31:23
car,2025-10-28 17:31:23
car,2025-10-28 17:31:23
car,2025-10-28 17:31:23
car,2025-10-28 17:31:23
car,2025-10-28 17:31:23
car,2025-10-28 17:31:23
car,2025-10-28 17:31:23
car,2025-10-28 17:31:23
car,2025-10-28 17:31:23
truck,2025-10-28 17:31:23
car,2025-10-28 17:31:23
car,2025-10-28 17:31:24
car,2025-10-28 17:31:24
car,2025-10-28 17:31:24
car,2025-10-28 17:31:24
car,2025-10-28 17:31:24
car,2025-10-28 17:31:24
car,2025-10-28 17:31:24
car,2025-10-28 17:31:24
car,2025-10-28 17:31:24
car,2025-10-28 17:31:24
car,2025-10-28 17:31:24
car,2025-10-28 17:31:24
car,2025-10-28 17:31:24
car,2025-10-28 17:31:24
truck,2025-10-28 17:31:24
car,2025-10-28 17:31:24
car,2025-10-28 17:31:24
car,2025-10-28 17:31:24
car,2025-10-28 17:31:24
car,2025-10-28 17:31:24
car,2025-10-28 17:31:24
car,2025-10-28 17:31:24
car,2025-10-28 17:31:24
car,2025-10-28 17:31:24
car,2025-10-28 17:31:24
car,2025-10-28 17:31:24
car,2025-10-28 17:31:24
car,2025-10-28 17:31:24
car,2025-10-28 17:31:24
truck,2025-10-28 17:31:24
car,2025-10-28 17:31:24
car,2025-10-28 17:31:24
car,2025-10-28 17:31:24
car,2025-10-28 17:31:24
car,2025-10-28 17:31:24
car,2025-10-28 17:31:24
car,2025-10-28 17:31:25
car,2025-10-28 17:31:25
car,2025-10-28 17:31:25
car,2025-10-28 17:31:25
car,2025-10-28 17:31:25
car,2025-10-28 17:31:25
car,2025-10-28 17:31:25
car,2025-10-28 17:31:25
car,2025-10-28 17:31:25
truck,2025-10-28 17:31:25
car,2025-10-28 17:31:25
car,2025-10-28 17:31:25
car,2025-10-28 17:31:25
car,2025-10-28 17:31:25
car,2025-10-28 17:31:25
car,2025-10-28 17:31:25
car,2025-10-28 17:31:25
car,2025-10-28 17:31:25
car,2025-10-28 17:31:25
car,2025-10-28 17:31:25
car,2025-10-28 17:31:25
car,2025-10-28 17:31:25
car,2025-10-28 17:31:25
car,2025-10-28 17:31:25
truck,2025-10-28 17:31:25
car,2025-10-28 17:31:25
car,2025-10-28 17:31:25
car,2025-10-28 17:31:25
car,2025-10-28 17:31:25
car,2025-10-28 17:31:25
car,2025-10-28 17:31:25
car,2025-10-28 17:31:25
car,2025-10-28 17:31:25
car,2025-10-28 17:31:25
car,2025-10-28 17:31:25
car,2025-10-28 17:31:25
car,2025-10-28 17:31:25
car,2025-10-28 17:31:25
car,2025-10-28 17:31:25
car,2025-10-28 17:31:25
truck,2025-10-28 17:31:25
car,2025-10-28 17:31:26
car,2025-10-28 17:31:26
car,2025-10-28 17:31:26
car,2025-10-28 17:31:26
car,2025-10-28 17:31:26
car,2025-10-28 17:31:26
car,2025-10-28 17:31:26
car,2025-10-28 17:31:26
car,2025-10-28 17:31:26
car,2025-10-28 17:31:26
car,2025-10-28 17:31:26
car,2025-10-28 17:31:26
car,2025-10-28 17:31:26
car,2025-10-28 17:31:26
truck,2025-10-28 17:31:26
car,2025-10-28 17:31:26
car,2025-10-28 17:31:26
car,2025-10-28 17:31:26
car,2025-10-28 17:31:26
car,2025-10-28 17:31:26
car,2025-10-28 17:31:26
car,2025-10-28 17:31:26
car,2025-10-28 17:31:26
car,2025-10-28 17:31:26
car,2025-10-28 17:31:26
car,2025-10-28 17:31:26
car,2025-10-28 17:31:26
car,2025-10-28 17:31:26
truck,2025-10-28 17:31:26
car,2025-10-28 17:31:26
car,2025-10-28 17:31:26
car,2025-10-28 17:31:26
car,2025-10-28 17:31:26
car,2025-10-28 17:31:26
car,2025-10-28 17:31:27
car,2025-10-28 17:31:27
car,2025-10-28 17:31:27
car,2025-10-28 17:31:27
car,2025-10-28 17:31:27
car,2025-10-28 17:31:27
car,2025-10-28 17:31:27
car,2025-10-28 17:31:27
car,2025-10-28 17:31:27
truck,2025-10-28 17:31:27
car,2025-10-28 17:31:27
car,2025-10-28 17:31:27
car,2025-10-28 17:31:27
car,2025-10-28 17:31:27
car,2025-10-28 17:31:27
car,2025-10-28 17:31:27
car,2025-10-28 17:31:27
car,2025-10-28 17:31:27
car,2025-10-28 17:31:27
car,2025-10-28 17:31:27
car,2025-10-28 17:31:27
car,2025-10-28 17:31:27
car,2025-10-28 17:31:27
car,2025-10-28 17:31:27
car,2025-10-28 17:31:27
car,2025-10-28 17:31:27
car,2025-10-28 17:31:27
car,2025-10-28 17:31:27
car,2025-10-28 17:31:27
car,2025-10-28 17:31:27
car,2025-10-28 17:31:27
car,2025-10-28 17:31:27
car,2025-10-28 17:31:27
car,2025-10-28 17:31:27
car,2025-10-28 17:31:27
car,2025-10-28 17:31:27
car,2025-10-28 17:31:27
truck,2025-10-28 17:31:27
car,2025-10-28 17:31:28
car,2025-10-28 17:31:28
car,2025-10-28 17:31:28
car,2025-10-28 17:31:28
car,2025-10-28 17:31:28
car,2025-10-28 17:31:28
car,2025-10-28 17:31:28
car,2025-10-28 17:31:28
car,2025-10-28 17:31:28
car,2025-10-28 17:31:28
car,2025-10-28 17:31:28
car,2025-10-28 17:31:28
car,2025-10-28 17:31:28
truck,2025-10-28 17:31:28
car,2025-10-28 17:31:28
car,2025-10-28 17:31:28
car,2025-10-28 17:31:28
car,2025-10-28 17:31:28
car,2025-10-28 17:31:28
car,2025-10-28 17:31:28
car,2025-10-28 17:31:28
car,2025-10-28 17:31:28
car,2025-10-28 17:31:28
car,2025-10-28 17:31:28
car,2025-10-28 17:31:28
car,2025-10-28 17:31:28
car,2025-10-28 17:31:28
car,2025-10-28 17:31:28
truck,2025-10-28 17:31:28
car,2025-10-28 17:31:28
car,2025-10-28 17:31:29
car,2025-10-28 17:31:29
car,2025-10-28 17:31:29
car,2025-10-28 17:31:29
car,2025-10-28 17:31:29
car,2025-10-28 17:31:29
car,2025-10-28 17:31:29
car,2025-10-28 17:31:29
car,2025-10-28 17:31:29
car,2025-10-28 17:31:29
car,2025-10-28 17:31:29
car,2025-10-28 17:31:29
car,2025-10-28 17:31:29
truck,2025-10-28 17:31:29
car,2025-10-28 17:31:29
car,2025-10-28 17:31:29
car,2025-10-28 17:31:29
car,2025-10-28 17:31:29
car,2025-10-28 17:31:29
car,2025-10-28 17:31:29
car,2025-10-28 17:31:29
car,2025-10-28 17:31:29
car,2025-10-28 17:31:29
car,2025-10-28 17:31:29
car,2025-10-28 17:31:29
car,2025-10-28 17:31:29
car,2025-10-28 17:31:29
car,2025-10-28 17:31:29
truck,2025-10-28 17:31:29
car,2025-10-28 17:31:29
car,2025-10-28 17:31:29
car,2025-10-28 17:31:29
car,2025-10-28 17:31:29
car,2025-10-28 17:31:29
car,2025-10-28 17:31:29
car,2025-10-28 17:31:29
car,2025-10-28 17:31:29
car,2025-10-28 17:31:29
car,2025-10-28 17:31:29
car,2025-10-28 17:31:29
car,2025-10-28 17:31:29
car,2025-10-28 17:31:29
car,2025-10-28 17:31:29
truck,2025-10-28 17:31:29
car,2025-10-28 17:31:29
car,2025-10-28 17:31:30
car,2025-10-28 17:31:30
car,2025-10-28 17:31:30
car,2025-10-28 17:31:30
car,2025-10-28 17:31:30
car,2025-10-28 17:31:30
car,2025-10-28 17:31:30
car,2025-10-28 17:31:30
car,2025-10-28 17:31:30
car,2025-10-28 17:31:30
car,2025-10-28 17:31:30
car,2025-10-28 17:31:30
truck,2025-10-28 17:31:30
car,2025-10-28 17:31:30
car,2025-10-28 17:31:30
car,2025-10-28 17:31:30
car,2025-10-28 17:31:30
car,2025-10-28 17:31:30
car,2025-10-28 17:31:30
car,2025-10-28 17:31:30
car,2025-10-28 17:31:30
car,2025-10-28 17:31:30
car,2025-10-28 17:31:30
car,2025-10-28 17:31:30
car,2025-10-28 17:31:30
car,2025-10-28 17:31:30
truck,2025-10-28 17:31:30
car,2025-10-28 17:31:30
car,2025-10-28 17:31:30
car,2025-10-28 17:31:31
car,2025-10-28 17:31:31
car,2025-10-28 17:31:31
car,2025-10-28 17:31:31
car,2025-10-28 17:31:31
car,2025-10-28 17:31:31
car,2025-10-28 17:31:31
car,2025-10-28 17:31:31
car,2025-10-28 17:31:31
car,2025-10-28 17:31:31
truck,2025-10-28 17:31:31
car,2025-10-28 17:31:31
car,2025-10-28 17:31:31
car,2025-10-28 17:31:31
car,2025-10-28 17:31:31
car,2025-10-28 17:31:31
car,2025-10-28 17:31:31
car,2025-10-28 17:31:31
car,2025-10-28 17:31:31
car,2025-10-28 17:31:31
car,2025-10-28 17:31:31
car,2025-10-28 17:31:31
car,2025-10-28 17:31:31
car,2025-10-28 17:31:31
car,2025-10-28 17:31:31
car,2025-10-28 17:31:31
car,2025-10-28 17:31:31
car,2025-10-28 17:31:31
car,2025-10-28 17:31:31
car,2025-10-28 17:31:31
car,2025-10-28 17:31:31
car,2025-10-28 17:31:31
car,2025-10-28 17:31:31
car,2025-10-28 17:31:31
car,2025-10-28 17:31:31
car,2025-10-28 17:31:31
car,2025-10-28 17:31:31
car,2025-10-28 17:31:31
car,2025-10-28 17:31:31
car,2025-10-28 17:31:31
car,2025-10-28 17:31:31
car,2025-10-28 17:31:31
truck,2025-10-28 17:31:31
car,2025-10-28 17:31:32
car,2025-10-28 17:31:32
car,2025-10-28 17:31:32
car,2025-10-28 17:31:32
car,2025-10-28 17:31:32
car,2025-10-28 17:31:32
car,2025-10-28 17:31:32
car,2025-10-28 17:31:32
car,2025-10-28 17:31:32
car,2025-10-28 17:31:32
car,2025-10-28 17:31:32
car,2025-10-28 17:31:32
car,2025-10-28 17:31:32
car,2025-10-28 17:31:32
truck,2025-10-28 17:31:32
car,2025-10-28 17:31:32
car,2025-10-28 17:31:32
car,2025-10-28 17:31:32
car,2025-10-28 17:31:32
car,2025-10-28 17:31:32
car,2025-10-28 17:31:32
car,2025-10-28 17:31:32
car,2025-10-28 17:31:32
car,2025-10-28 17:31:32
car,2025-10-28 17:31:32
car,2025-10-28 17:31:32
car,2025-10-28 17:31:32
car,2025-10-28 17:31:32
car,2025-10-28 17:31:32
car,2025-10-28 17:31:33
car,2025-10-28 17:31:33
car,2025-10-28 17:31:33
car,2025-10-28 17:31:33
car,2025-10-28 17:31:33
car,2025-10-28 17:31:33
car,2025-10-28 17:31:33
car,2025-10-28 17:31:33
car,2025-10-28 17:31:33
car,2025-10-28 17:31:33
car,2025-10-28 17:31:33
car,2025-10-28 17:31:33
car,2025-10-28 17:31:33
car,2025-10-28 17:31:33
truck,2025-10-28 17:31:33
car,2025-10-28 17:31:33
car,2025-10-28 17:31:33
car,2025-10-28 17:31:33
car,2025-10-28 17:31:33
car,2025-10-28 17:31:33
car,2025-10-28 17:31:33
car,2025-10-28 17:31:33
car,2025-10-28 17:31:33
car,2025-10-28 17:31:33
car,2025-10-28 17:31:33
car,2025-10-28 17:31:33
truck,2025-10-28 17:31:33
car,2025-10-28 17:31:33
car,2025-10-28 17:31:33
car,2025-10-28 17:31:33
car,2025-10-28 17:31:34
car,2025-10-28 17:31:34
car,2025-10-28 17:31:34
car,2025-10-28 17:31:34
car,2025-10-28 17:31:34
car,2025-10-28 17:31:34
car,2025-10-28 17:31:34
car,2025-10-28 17:31:34
car,2025-10-28 17:31:34
car,2025-10-28 17:31:34
car,2025-10-28 17:31:34
truck,2025-10-28 17:31:34
car,2025-10-28 17:31:34
car,2025-10-28 17:31:34
car,2025-10-28 17:31:34
car,2025-10-28 17:31:34
car,2025-10-28 17:31:34
car,2025-10-28 17:31:34
car,2025-10-28 17:31:34
car,2025-10-28 17:31:34
car,2025-10-28 17:31:34
car,2025-10-28 17:31:34
car,2025-10-28 17:31:34
car,2025-10-28 17:31:34
car,2025-10-28 17:31:34
truck,2025-10-28 17:31:34
car,2025-10-28 17:31:34
car,2025-10-28 17:31:34
car,2025-10-28 17:31:34
car,2025-10-28 17:31:34
car,2025-10-28 17:31:35
car,2025-10-28 17:31:35
car,2025-10-28 17:31:35
car,2025-10-28 17:31:35
car,2025-10-28 17:31:35
car,2025-10-28 17:31:35
car,2025-10-28 17:31:35
car,2025-10-28 17:31:35
truck,2025-10-28 17:31:35
car,2025-10-28 17:31:35
car,2025-10-28 17:31:35
car,2025-10-28 17:31:35
car,2025-10-28 17:31:35
car,2025-10-28 17:31:35
car,2025-10-28 17:31:35
car,2025-10-28 17:31:35
car,2025-10-28 17:31:35
car,2025-10-28 17:31:35
car,2025-10-28 17:31:35
car,2025-10-28 17:31:35
car,2025-10-28 17:31:35
car,2025-10-28 17:31:35
car,2025-10-28 17:31:35
truck,2025-10-28 17:31:35
car,2025-10-28 17:31:35
car,2025-10-28 17:31:35
car,2025-10-28 17:31:35
car,2025-10-28 17:31:35
car,2025-10-28 17:31:35
car,2025-10-28 17:31:35
car,2025-10-28 17:31:35
car,2025-10-28 17:31:35
car,2025-10-28 17:31:35
car,2025-10-28 17:31:35
car,2025-10-28 17:31:36
car,2025-10-28 17:31:36
car,2025-10-28 17:31:36
car,2025-10-28 17:31:36
truck,2025-10-28 17:31:36
car,2025-10-28 17:31:36
car,2025-10-28 17:31:36
car,2025-10-28 17:31:36
car,2025-10-28 17:31:36
car,2025-10-28 17:31:36
car,2025-10-28 17:31:36
car,2025-10-28 17:31:36
car,2025-10-28 17:31:36
car,2025-10-28 17:31:36
car,2025-10-28 17:31:36
car,2025-10-28 17:31:36
car,2025-10-28 17:31:36
car,2025-10-28 17:31:36
car,2025-10-28 17:31:36
truck,2025-10-28 17:31:36
car,2025-10-28 17:31:36
car,2025-10-28 17:31:36
car,2025-10-28 17:31:36
car,2025-10-28 17:31:36
car,2025-10-28 17:31:36
car,2025-10-28 17:31:36
car,2025-10-28 17:31:36
car,2025-10-28 17:31:36
car,2025-10-28 17:31:36
car,2025-10-28 17:31:36
car,2025-10-28 17:31:36
car,2025-10-28 17:31:36
car,2025-10-28 17:31:36
car,2025-10-28 17:31:36
car,2025-10-28 17:31:36
truck,2025-10-28 17:31:36
car,2025-10-28 17:31:36
car,2025-10-28 17:31:36
car,2025-10-28 17:31:36
car,2025-10-28 17:31:36
